ID_Influencer;Account;Title;Link;Followers;Authentic engagement;Engagement avg
1;cristiano;Cristiano Ronaldo;https://www.instagram.com/cristiano/;400 100 000.0;7 800 000.0;9 500 000.0
2;kyliejenner;Kylie ??;https://www.instagram.com/kyliejenner/;308800000.0;6200000.0;10100000.0
3;leomessi;Leo Messi;https://www.instagram.com/leomessi/;306300000.0;4800000.0;6500000.0
4;kendalljenner;Kendall;https://www.instagram.com/kendalljenner/;217800000.0;3400000.0;5400000.0
5;selenagomez;Selena Gomez;https://www.instagram.com/selenagomez/;295800000.0;2700000.0;3600000.0
6;zendaya;Zendaya;https://www.instagram.com/zendaya/;127800000.0;5800000.0;7800000.0
7;kimkardashian;Kim Kardashian West;https://www.instagram.com/kimkardashian/;284900000.0;2200000.0;3300000.0
8;beyonce;Beyonce?;https://www.instagram.com/beyonce/;237200000.0;2500000.0;3600000.0
9;arianagrande;Ariana Grande;https://www.instagram.com/arianagrande/;294100000.0;1700000.0;2400000.0
10;billieeilish;BILLIE EILISH;https://www.instagram.com/billieeilish/;100000000.0;5300000.0;7000000.0
11;neymarjr;NJ ????;https://www.instagram.com/neymarjr/;169800000.0;2800000.0;4000000.0
12;lalalalisa_m;LISA;https://www.instagram.com/lalalalisa_m/;73100000.0;7500000.0;8600000.0
13;jennierubyjane;J;https://www.instagram.com/jennierubyjane/;62300000.0;6400000.0;7600000.0
14;tomholland2013;Tom Holland;https://www.instagram.com/tomholland2013/;60900000.0;5900000.0;7200000.0
15;virat.kohli;Virat Kohli;https://www.instagram.com/virat.kohli/;182600000.0;2100000.0;2400000.0
16;abcdefghi__lmnopqrstuvwxyz;Jungkook;https://www.instagram.com/abcdefghi__lmnopqrstuvwxyz/;32100000.0;13400000.0;13400000.0
17;khaby00;Khaby Lame;https://www.instagram.com/khaby00/;69200000.0;4000000.0;6100000.0
18;khloekardashian;Khloe? Kardashian;https://www.instagram.com/khloekardashian/;219400000.0;1500000.0;1900000.0
19;sooyaaa__;JISOO??;https://www.instagram.com/sooyaaa__/;56100000.0;6300000.0;7200000.0
20;justinbieber;Justin Bieber;https://www.instagram.com/justinbieber/;219800000.0;1200000.0;1800000.0
21;thv;V;https://www.instagram.com/thv/;34100000.0;10400000.0;10400000.0
22;roses_are_rosie;ROSE?;https://www.instagram.com/roses_are_rosie/;55100000.0;5500000.0;6400000.0
23;badgalriri;badgalriri;https://www.instagram.com/badgalriri/;120900000.0;1700000.0;2800000.0
24;nickiminaj;Barbie;https://www.instagram.com/nickiminaj/;174000000.0;1200000.0;1900000.0
25;iamcardib;Cardi B;https://www.instagram.com/iamcardib/;123100000.0;1800000.0;2600000.0
26;jin;Jin of BTS;https://www.instagram.com/jin/;28400000.0;11100000.0;11100000.0
27;agustd;SUGA of BTS ???;https://www.instagram.com/agustd/;27900000.0;10600000.0;10600000.0
28;therock;therock;https://www.instagram.com/therock/;295800000.0;741000.0;994800.0
29;instagram;Instagram;https://www.instagram.com/instagram/;469600000.0;490400.0;608100.0
30;zayn;Zayn Malik;https://www.instagram.com/zayn/;44500000.0;3800000.0;6000000.0
31;champagnepapi;champagnepapi;https://www.instagram.com/champagnepapi/;102600000.0;1500000.0;2500000.0
32;rkive;RM;https://www.instagram.com/rkive/;28000000.0;8900000.0;8900000.0
33;kourtneykardash;Kourtney ??;https://www.instagram.com/kourtneykardash/;162200000.0;1100000.0;1500000.0
34;uarmyhope;jhope;https://www.instagram.com/uarmyhope/;28500000.0;8500000.0;8500000.0
35;badbunnypr;;https://www.instagram.com/badbunnypr/;37800000.0;4099999.9999999995;6500000.0
36;katrinakaif;Katrina Kaif;https://www.instagram.com/katrinakaif/;61600000.0;3300000.0;3800000.0
37;adele;Adele;https://www.instagram.com/adele/;49100000.0;2800000.0;3900000.0
38;harrystyles;;https://www.instagram.com/harrystyles/;43000000.0;3000000.0;4000000.0
39;kingjames;??;https://www.instagram.com/kingjames/;111400000.0;884300.0;1500000.0
40;jlo;Jennifer Lopez;https://www.instagram.com/jlo/;194900000.0;679200.0;856000.0
41;k.mbappe;Kylian Mbappe?;https://www.instagram.com/k.mbappe/;65800000.0;1700000.0;2400000.0
42;karolg;KAROL G;https://www.instagram.com/karolg/;47300000.0;2600000.0;3200000.0
43;gigihadid;Gigi Hadid;https://www.instagram.com/gigihadid/;72300000.0;1300000.0;1900000.0
44;anushkasharma;AnushkaSharma1588;https://www.instagram.com/anushkasharma/;56900000.0;2200000.0;2400000.0
45;narendramodi;Narendra Modi;https://www.instagram.com/narendramodi/;65300000.0;1800000.0;2000000.0
46;eunwo.o_c;???;https://www.instagram.com/eunwo.o_c/;26500000.0;3700000.0;4600000.0
47;dualipa;DUA LIPA;https://www.instagram.com/dualipa/;78700000.0;1200000.0;1400000.0
48;charlidamelio;cd;https://www.instagram.com/charlidamelio/;47100000.0;1900000.0;2400000.0
49;ester_exposito;Ester ??;https://www.instagram.com/ester_exposito/;29000000.0;2500000.0;3700000.0
50;mileycyrus;Miley Cyrus;https://www.instagram.com/mileycyrus/;160200000.0;501600.0;667900.0
51;georginagio;Georgina Rodri?guez;https://www.instagram.com/georginagio/;33400000.0;2200000.0;3200000.0
52;actorleeminho;??????? leeminho;https://www.instagram.com/actorleeminho/;28200000.0;2900000.0;3800000.0
53;gal_gadot;Gal Gadot;https://www.instagram.com/gal_gadot/;73600000.0;1100000.0;1400000.0
54;fcbarcelona;FC Barcelona;https://www.instagram.com/fcbarcelona/;105100000.0;621000.0;950400.0
55;akshaykumar;Akshay Kumar;https://www.instagram.com/akshaykumar/;59500000.0;1400000.0;1600000.0
56;shawnmendes;Shawn Mendes;https://www.instagram.com/shawnmendes/;66500000.0;923900.0;1400000.0
57;milliebobbybrown;Millie Bobby Brown;https://www.instagram.com/milliebobbybrown/;47500000.0;1400000.0;1700000.0
58;chrishemsworth;Chris Hemsworth;https://www.instagram.com/chrishemsworth/;53500000.0;1200000.0;1500000.0
59;dlwlrma;??????? IU;https://www.instagram.com/dlwlrma/;25000000.0;2700000.0;3200000.0
60;oliviarodrigo;Olivia Rodrigo;https://www.instagram.com/oliviarodrigo/;21600000.0;2900000.0;3600000.0
61;mosalah;Mohamed Salah;https://www.instagram.com/mosalah/;47900000.0;1100000.0;1600000.0
62;rashmika_mandanna;Rashmika Mandanna;https://www.instagram.com/rashmika_mandanna/;28600000.0;2300000.0;2700000.0
63;lelepons;Lele Pons;https://www.instagram.com/lelepons/;47300000.0;1000000.0;1600000.0
64;ursulolita;U?rsula Corbero? ??;https://www.instagram.com/ursulolita/;24900000.0;2000000.0;3000000.0
65;priyankachopra;Priyanka;https://www.instagram.com/priyankachopra/;74000000.0;817700.0;997000.0
66;lilireinhart;Lili Reinhart;https://www.instagram.com/lilireinhart/;29300000.0;1700000.0;2500000.0
67;handemiyy;Hande Erc?el;https://www.instagram.com/handemiyy/;26700000.0;2000000.0;2700000.0
68;ddlovato;Demi Lovato;https://www.instagram.com/ddlovato/;125800000.0;439400.0;564800.0
69;blackpinkofficial;BL??KPI?K;https://www.instagram.com/blackpinkofficial/;45200000.0;1200000.0;1500000.0
70;whinderssonnunes;Whindersson Nunes;https://www.instagram.com/whinderssonnunes/;57100000.0;781800.0;1200000.0
71;shraddhakapoor;Shraddha ?;https://www.instagram.com/shraddhakapoor/;68900000.0;797300.0;921500.0
72;meganfox;Megan Fox;https://www.instagram.com/meganfox/;18800000.0;2000000.0;3300000.0
73;haileybieber;Hailey Rhode Baldwin Bieber;https://www.instagram.com/haileybieber/;41000000.0;1100000.0;1500000.0
74;bn_sj2013;????????;https://www.instagram.com/bn_sj2013/;20900000.0;2500000.0;3000000.0
75;kimberly.loaiza;KIM LOAIZA ??;https://www.instagram.com/kimberly.loaiza/;33400000.0;1500000.0;1900000.0
76;real__pcy;EXO_CY;https://www.instagram.com/real__pcy/;23600000.0;2200000.0;2700000.0
77;katyperry;KATY PERRY;https://www.instagram.com/katyperry/;151900000.0;319500.0;408100.0
78;davidbeckham;David Beckham;https://www.instagram.com/davidbeckham/;71100000.0;653200.0;866300.0
79;camila_cabello;camila;https://www.instagram.com/camila_cabello/;60000000.0;747600.0;1000000.0
80;paulpogba;Paul Labile Pogba;https://www.instagram.com/paulpogba/;51500000.0;623400.0;1100000.0
81;aliaabhatt;Gangubai ????;https://www.instagram.com/aliaabhatt/;58900000.0;781800.0;970900.0
82;dojacat;Doja Cat;https://www.instagram.com/dojacat/;19700000.0;2100000.0;2900000.0
83;iamsrk;Shah Rukh Khan;https://www.instagram.com/iamsrk/;28000000.0;1600000.0;2000000.0
84;realmadrid;Real Madrid C.F.;https://www.instagram.com/realmadrid/;109800000.0;364000.0;505000.0
85;jongsuk0206;???;https://www.instagram.com/jongsuk0206/;21800000.0;1900000.0;2500000.0
86;miakhalifa;Mia K.;https://www.instagram.com/miakhalifa/;27000000.0;1300000.0;2000000.0
87;nasa;NASA;https://www.instagram.com/nasa/;73900000.0;637700.0;738600.0
88;bellahadid;Bella ??;https://www.instagram.com/bellahadid/;49100000.0;685300.0;1100000.0
89;oohsehun;SEHUN;https://www.instagram.com/oohsehun/;22800000.0;1900000.0;2400000.0
90;niallhoran;Niall Horan;https://www.instagram.com/niallhoran/;29200000.0;1300000.0;1800000.0
91;hoooooyeony;Hoyeon;https://www.instagram.com/hoooooyeony/;23500000.0;1700000.0;2200000.0
92;addisonraee;Addison Rae;https://www.instagram.com/addisonraee/;40300000.0;826000.0;1300000.0
93;beingsalmankhan;Salman Khan;https://www.instagram.com/beingsalmankhan/;49500000.0;818300.0;1000000.0
94;twicetagram;TWICE;https://www.instagram.com/twicetagram/;23500000.0;1700000.0;2100000.0
95;emmawatson;Emma Watson;https://www.instagram.com/emmawatson/;65700000.0;549600.0;753600.0
96;zacefron;Zac Efron;https://www.instagram.com/zacefron/;51400000.0;665400.0;961700.0
97;nike;Nike;https://www.instagram.com/nike/;199000000.0;200500.0;257800.0
98;madelame;Madelaine Petsch;https://www.instagram.com/madelame/;25400000.0;1400000.0;1900000.0
99;virginia;Virginia Fonseca Costa;https://www.instagram.com/virginia/;33299999.999999996;923300.0;1400000.0
100;jenniferaniston;Jennifer Aniston;https://www.instagram.com/jenniferaniston/;39600000.0;826400.0;1200000.0
101;iamhalsey;halsey;https://www.instagram.com/iamhalsey/;28300000.0;1300000.0;1700000.0
102;paulodybala;Paulo Dybala;https://www.instagram.com/paulodybala/;45500000.0;640200.0;1000000.0
103;dovecameron;DOVE;https://www.instagram.com/dovecameron/;44900000.0;787900.0;1000000.0
104;antonelaroccuzzo;Antonela Roccuzzo;https://www.instagram.com/antonelaroccuzzo/;18700000.0;1500000.0;2400000.0
105;camimendes;camila mendes;https://www.instagram.com/camimendes/;26900000.0;1100000.0;1600000.0
106;theweeknd;The Weeknd;https://www.instagram.com/theweeknd/;36700000.0;858800.0;1200000.0
107;norafatehi;Nora Fatehi;https://www.instagram.com/norafatehi/;37800000.0;917500.0;1100000.0
108;iamzlatanibrahimovic;Zlatan Ibrahimovi?;https://www.instagram.com/iamzlatanibrahimovic/;52100000.0;525300.0;806100.0
109;karimbenzema;Karim Benzema;https://www.instagram.com/karimbenzema/;45200000.0;620700.0;895300.0
110;nehakakkar;Neha Kakkar (Mrs. Singh);https://www.instagram.com/nehakakkar/;67600000.0;511500.0;595900.0
111;skawngur;????????;https://www.instagram.com/skawngur/;16700000.0;1700000.0;2400000.0
112;chrisbrownofficial;BREEZY;https://www.instagram.com/chrisbrownofficial/;103900000.0;247700.0;388400.0
113;hi_high_hiy;?????????;https://www.instagram.com/hi_high_hiy/;12300000.0;2700000.0;3200000.0
114;realstraykids;Stray Kids;https://www.instagram.com/realstraykids/;19100000.0;1600000.0;2000000.0
115;songkang_b;??????;https://www.instagram.com/songkang_b/;12800000.0;2100000.0;2900000.0
116;vindiesel;Vin Diesel;https://www.instagram.com/vindiesel/;78200000.0;363400.0;467200.0
117;sergioramos;Sergio Ramos;https://www.instagram.com/sergioramos/;49400000.0;477400.0;731700.0
118;shakira;Shakira;https://www.instagram.com/shakira/;71600000.0;367500.0;500700.0
119;louist91;Louis Tomlinson;https://www.instagram.com/louist91/;18100000.0;1400000.0;2000000.0
120;ladygaga;Lady Gaga;https://www.instagram.com/ladygaga/;51400000.0;483200.0;674700.0
121;varundvn;VarunDhawan;https://www.instagram.com/varundvn/;39900000.0;706500.0;862400.0
122;kjapa;KJ Apa;https://www.instagram.com/kjapa/;19100000.0;1200000.0;1800000.0
123;dannapaola;Danna Paola;https://www.instagram.com/dannapaola/;33200000.000000004;705800.0;1000000.0
124;iansomerhalder;iansomerhalder;https://www.instagram.com/iansomerhalder/;22300000.0;1000000.0;1500000.0
125;saraalikhan95;Sara Ali Khan;https://www.instagram.com/saraalikhan95/;39300000.0;699900.0;852000.0
126;jannatzubair29;Jannat Zubair Rahmani;https://www.instagram.com/jannatzubair29/;40000000.0;682800.0;833600.0
127;deepikapadukone;Deepika Padukone;https://www.instagram.com/deepikapadukone/;64200000.0;394500.0;516299.99999999994
128;championsleague;UEFA Champions League;https://www.instagram.com/championsleague/;87900000.0;277700.0;376000.0
129;sabrinacarpenter;Sabrina Carpenter;https://www.instagram.com/sabrinacarpenter/;26600000.0;1000000.0;1200000.0
130;juliette;Juliette;https://www.instagram.com/juliette/;33400000.0;629400.0;996000.0
131;alluarjunonline;Allu Arjun;https://www.instagram.com/alluarjunonline/;16399999.999999998;1600000.0;2000000.0
132;maluma;MALUMA;https://www.instagram.com/maluma/;60900000.0;341400.0;529300.0
133;hazardeden_10;Eden Hazard;https://www.instagram.com/hazardeden_10/;26900000.0;729500.0;1200000.0
134;hrithikroshan;Hrithik Roshan;https://www.instagram.com/hrithikroshan/;41300000.0;601800.0;761600.0
135;luisitocomunica;Luisillo El Pillo;https://www.instagram.com/luisitocomunica/;31000000.0;734700.0;970700.0
136;jacksonwang852g7;Jackson Wang ??? ?????????;https://www.instagram.com/jacksonwang852g7/;27000000.0;934200.0;1100000.0
137;madisonbeer;Madison Beer;https://www.instagram.com/madisonbeer/;30100000.0;665500.0;992500.0
138;kunaguero;Sergio Leonel Agu?ero;https://www.instagram.com/kunaguero/;21800000.0;777700.0;1300000.0
139;elrubiuswtf;el rubius WTF;https://www.instagram.com/elrubiuswtf/;16000000.0;1600000.0;1800000.0
140;mrbeast;MrBeast;https://www.instagram.com/mrbeast/;17400000.0;1300000.0;1700000.0
141;rohitsharma45;Rohit Sharma;https://www.instagram.com/rohitsharma45/;22500000.0;1100000.0;1300000.0
142;madelyncline;Maddie;https://www.instagram.com/madelyncline/;12100000.0;1700000.0;2400000.0
143;stephencurry30;Wardell Curry;https://www.instagram.com/stephencurry30/;39800000.0;542300.0;725500.0
144;_jeongjaehyun;Jaehyun;https://www.instagram.com/_jeongjaehyun/;10400000.0;2200000.0;2800000.0
145;jamesrodriguez10;James Rodri?guez;https://www.instagram.com/jamesrodriguez10/;48600000.0;388400.0;591100.0
146;433;433;https://www.instagram.com/433/;46800000.0;366400.0;609700.0
147;eminem;Marshall Mathers;https://www.instagram.com/eminem/;33900000.0;648400.0;837800.0
148;phil.coutinho;Philippe Coutinho;https://www.instagram.com/phil.coutinho/;24100000.0;704100.0;1100000.0
149;noahschnapp;Noah Schnapp®;https://www.instagram.com/noahschnapp/;19900000.0;1100000.0;1400000.0
150;rosalia.vt;LA ROSALI?A;https://www.instagram.com/rosalia.vt/;18600000.0;1100000.0;1500000.0
151;lewishamilton;Lewis Hamilton;https://www.instagram.com/lewishamilton/;26900000.0;707800.0;1000000.0
152;dixiedamelio;dixie;https://www.instagram.com/dixiedamelio/;25300000.0;732000.0;1100000.0
153;anuel;“REAL HASTA LA MUERTE”;https://www.instagram.com/anuel/;26800000.0;660300.0;1000000.0
154;riaricis1795;RICIS;https://www.instagram.com/riaricis1795/;29800000.0;726900.0;890800.0
155;emmachamberlain;emma chamberlain;https://www.instagram.com/emmachamberlain/;15100000.0;1100000.0;1700000.0
156;thenotoriousmma;Conor McGregor Official;https://www.instagram.com/thenotoriousmma/;44000000.0;398700.0;579600.0
157;kartikaaryan;KARTIK AARYAN;https://www.instagram.com/kartikaaryan/;23400000.0;860600.0;1100000.0
158;brentrivera;Brent Rivera;https://www.instagram.com/brentrivera/;22100000.0;865300.0;1100000.0
159;kritisanon;Kriti;https://www.instagram.com/kritisanon/;45900000.0;457600.0;534300.0
160;shahidkapoor;Shahid Kapoor;https://www.instagram.com/shahidkapoor/;33100000.0;644200.0;731200.0
161;dishapatani;disha patani (paatni) ??;https://www.instagram.com/dishapatani/;48500000.0;402800.0;495900.0
162;marcelotwelve;Marcelo Vieira;https://www.instagram.com/marcelotwelve/;51900000.0;308000.0;463000.0
163;nina;Nina Dobrev;https://www.instagram.com/nina/;25200000.0;653400.0;937800.0
164;manchesterunited;Manchester United;https://www.instagram.com/manchesterunited/;54700000.0;270400.0;431000.0
165;cznburak;Burak O?zdemir;https://www.instagram.com/cznburak/;31200000.0;556200.0;755000.0
166;thedeverakonda;Vijay Deverakonda;https://www.instagram.com/thedeverakonda/;14600000.0;1300000.0;1600000.0
167;brunamarquezine;Bruna Marquezine;https://www.instagram.com/brunamarquezine/;42000000.0;320000.0;552600.0
168;natgeo;National Geographic;https://www.instagram.com/natgeo/;206600000.0;85700.0;111800.0
169;nusr_et;Nusr_et#Saltbae;https://www.instagram.com/nusr_et/;42200000.0;371300.0;546600.0
170;taehyung.bighitentertainment;TAEHYUNG (???) Updates;https://www.instagram.com/taehyung.bighitentertainment/;10600000.0;2100000.0;2200000.0
171;haileesteinfeld;hailee steinfeld;https://www.instagram.com/haileesteinfeld/;17800000.0;1000000.0;1300000.0
172;skuukzky;?????  ????????????????????????;https://www.instagram.com/skuukzky/;17300000.0;1100000.0;1300000.0
173;garethbale11;Gareth Bale;https://www.instagram.com/garethbale11/;46000000.0;314300.0;492800.0
174;sadiesink_;Sadie Sink;https://www.instagram.com/sadiesink_/;15200000.0;1000000.0;1500000.0
175;domelipa;domelipa;https://www.instagram.com/domelipa/;16500000.0;1100000.0;1300000.0
176;daviddobrik;DAVID DOBRIK;https://www.instagram.com/daviddobrik/;12500000.0;1200000.0;1800000.0
177;samantharuthprabhuoffl;Samantha;https://www.instagram.com/samantharuthprabhuoffl/;21600000.0;854800.0;1000000.0
178;feliciathegoat;Tyler, The Creator;https://www.instagram.com/feliciathegoat/;12000000.0;1100000.0;1800000.0
179;anitta;Anitta ??;https://www.instagram.com/anitta/;59100000.0;195000.0;369300.0
180;miguel.g.herran;Miguel Herra?n;https://www.instagram.com/miguel.g.herran/;14400000.0;994500.0;1500000.0
181;carryminati;???????? ??????????;https://www.instagram.com/carryminati/;14500000.0;1300000.0;1500000.0
182;jungkook_bighitentertainment;JUNGKOOK (???) Updates;https://www.instagram.com/jungkook_bighitentertainment/;10200000.0;1900000.0;2100000.0
183;loganpaul;Logan Paul;https://www.instagram.com/loganpaul/;22200000.0;719300.0;960500.0
184;johnnydepp;Johnny Depp;https://www.instagram.com/johnnydepp/;11700000.0;1400000.0;1800000.0
185;phs1116;??? / PARKHYUNGSIK;https://www.instagram.com/phs1116/;9200000.0;1900000.0;2300000.0
186;xxxibgdrgn;????????(???);https://www.instagram.com/xxxibgdrgn/;20400000.0;811200.0;1000000.0
187;theestallion;Megan Thee Stallion;https://www.instagram.com/theestallion/;27500000.0;437700.0;764300.0
188;kiaraaliaadvani;KIARA;https://www.instagram.com/kiaraaliaadvani/;21700000.0;838700.0;952300.0
189;paulolondra;Paulo londra;https://www.instagram.com/paulolondra/;11400000.0;1200000.0;1800000.0
190;evaluna;Evaluna Montaner de Echeverry;https://www.instagram.com/evaluna/;19100000.0;780300.0;1100000.0
191;leedongwook_official;??? (Official_Instagram);https://www.instagram.com/leedongwook_official/;13600000.0;1100000.0;1500000.0
192;sommerray;Sommer Ray;https://www.instagram.com/sommerray/;26800000.0;487600.0;763900.0
193;juandediospantoja;JD PANTOJA ????;https://www.instagram.com/juandediospantoja/;21200000.0;848200.0;968200.0
194;tyga;T-Raww;https://www.instagram.com/tyga/;30900000.0;442600.0;660200.0
195;erling.haaland;Erling Braut Haaland;https://www.instagram.com/erling.haaland/;14500000.0;936900.0;1400000.0
196;jbalvin;J Balvin;https://www.instagram.com/jbalvin/;51400000.0;298300.0;389800.0
197;jacquelinef143;Jacqueline Fernandez;https://www.instagram.com/jacquelinef143/;57900000.0;281000.0;341400.0
198;annehathaway;Anne Hathaway;https://www.instagram.com/annehathaway/;22000000.0;674600.0;889500.0
199;hardikpandya93;Hardik Himanshu Pandya;https://www.instagram.com/hardikpandya93/;20200000.0;771700.0;967600.0
200;wi__wi__wi;??????? Wi Ha Jun;https://www.instagram.com/wi__wi__wi/;10000000.0;1600000.0;2000000.0
201;kevinhart4real;Kevin Hart;https://www.instagram.com/kevinhart4real/;136600000.0;108500.0;142700.0
202;henrycavill;Henry Cavill;https://www.instagram.com/henrycavill/;19200000.0;834200.0;1000000.0
203;lanarhoades;Lana Rhoades;https://www.instagram.com/lanarhoades/;16800000.0;700900.0;1200000.0
204;gianlucavacchi;Gianluca Vacchi;https://www.instagram.com/gianlucavacchi/;21800000.0;576700.0;887500.0
205;joeyking;Joey King;https://www.instagram.com/joeyking/;18900000.0;706900.0;1000000.0
206;zkdlin;KAI;https://www.instagram.com/zkdlin/;13700000.0;1100000.0;1400000.0
207;bellapoarch;Bella Poarch;https://www.instagram.com/bellapoarch/;14300000.0;978200.0;1300000.0
208;holyhaein;???;https://www.instagram.com/holyhaein/;9000000.0;1700000.0;2100000.0
209;m10_official;Mesut O?zil;https://www.instagram.com/m10_official/;24000000.0;559800.0;786200.0
210;jacobelordi;Jacob Elordi;https://www.instagram.com/jacobelordi/;12100000.0;937900.0;1500000.0
211;samoylovaoxana;Samoylova Oxana;https://www.instagram.com/samoylovaoxana/;15700000.0;877300.0;1200000.0
212;carlinhosmaiaof;Carlinhos Maia??;https://www.instagram.com/carlinhosmaiaof/;24500000.0;418300.0;764700.0
213;9gag;9GAG: Go Fun The World;https://www.instagram.com/9gag/;58000000.0;245300.0;312700.0
214;gusein.gasanov;??????? ???????;https://www.instagram.com/gusein.gasanov/;20900000.0;580500.0;867700.0
215;do0_nct;Doyoung;https://www.instagram.com/do0_nct/;9400000.0;1500000.0;1900000.0
216;sunnyleone;Sunny Leone;https://www.instagram.com/sunnyleone/;50500000.0;254600.0;344700.0
217;jimin_bighitentertainment;JIMIN (???) Updates;https://www.instagram.com/jimin_bighitentertainment/;9500000.0;1700000.0;1900000.0
218;aron.piper;ARON????;https://www.instagram.com/aron.piper/;14100000.0;648100.0;1200000.0
219;finnwolfhardofficial;Finn Wolfhard;https://www.instagram.com/finnwolfhardofficial/;21100000.0;628900.0;818500.0
220;iambeckyg;Becky G;https://www.instagram.com/iambeckyg/;29300000.0;484900.0;584600.0
221;bhuvan.bam22;Bhuvan Bam;https://www.instagram.com/bhuvan.bam22/;14100000.0;981700.0;1200000.0
222;anushkasen0408;Anushka Sen;https://www.instagram.com/anushkasen0408/;32200000.000000004;454100.0;531100.0
223;_imyour_joy;Joy;https://www.instagram.com/_imyour_joy/;13200000.0;1100000.0;1300000.0
224;taina;Taina? Costa ??;https://www.instagram.com/taina/;15300000.0;528100.0;1100000.0
225;tinistoessel;tini;https://www.instagram.com/tinistoessel/;17100000.0;731400.0;978100.0
226;natashawilona12;Natasha Wilona;https://www.instagram.com/natashawilona12/;37000000.0;376700.0;449500.0
227;emrata;Emily Ratajkowski;https://www.instagram.com/emrata/;28900000.0;359100.0;574100.0
228;somsomi0309;ENNIK;https://www.instagram.com/somsomi0309/;13200000.0;1000000.0;1300000.0
229;rohittt_09_;?????????? ???????????????? ~ ?????????????????????? ??;https://www.instagram.com/rohittt_09_/;19600000.0;603300.0;852300.0
230;tatawerneck;Tata Werneck;https://www.instagram.com/tatawerneck/;51500000.0;206400.0;322600.0
231;heybiblee;????????;https://www.instagram.com/heybiblee/;13300000.0;910200.0;1200000.0
232;ashishchanchlani;Ashish Chanchlani;https://www.instagram.com/ashishchanchlani/;12500000.0;1100000.0;1300000.0
233;ssinz7;???;https://www.instagram.com/ssinz7/;13300000.0;991200.0;1200000.0
234;3gerardpique;Gerard Pique?;https://www.instagram.com/3gerardpique/;19600000.0;561200.0;827600.0
235;bbrightvc;bright;https://www.instagram.com/bbrightvc/;10700000.0;1300000.0;1500000.0
236;lestykejora;Lestikejora;https://www.instagram.com/lestykejora/;24500000.0;509800.0;658200.0
237;hegdepooja;Pooja Hegde;https://www.instagram.com/hegdepooja/;17400000.0;795800.0;917400.0
238;onyourm__ark;Mark;https://www.instagram.com/onyourm__ark/;7800000.0;1700000.0;2100000.0
239;simoneses;Simone Mendes;https://www.instagram.com/simoneses/;33400000.0;377400.0;475600.0
240;itzy.all.in.us;ITZY;https://www.instagram.com/itzy.all.in.us/;14800000.0;873500.0;1100000.0
241;vickykaushal09;Vicky Kaushal;https://www.instagram.com/vickykaushal09/;12800000.0;1000000.0;1200000.0
242;vinijr;Vinicius Jr. ??????;https://www.instagram.com/vinijr/;14300000.0;654400.0;1100000.0
243;lilbaby;WHAM;https://www.instagram.com/lilbaby/;18000000.0;471600.0;868500.0
244;bellathorne;BELLA;https://www.instagram.com/bellathorne/;25100000.0;369100.0;618200.0
245;jojotodynho;JoJo;https://www.instagram.com/jojotodynho/;21200000.0;455800.0;738400.0
246;luissuarez9;Luis Suarez;https://www.instagram.com/luissuarez9/;42900000.0;241100.0;363000.0
247;hyunah_aa;Hyun Ah;https://www.instagram.com/hyunah_aa/;17200000.0;754100.0;894100.0
248;brunomars;Bruno Mars;https://www.instagram.com/brunomars/;24600000.0;411100.0;623400.0
249;kanyewest;ye;https://www.instagram.com/kanyewest/;11000000.0;752500.0;1400000.0
250;yuyacst;????????;https://www.instagram.com/yuyacst/;17100000.0;577400.0;886400.0
251;tigerjackieshroff;Tiger Shroff;https://www.instagram.com/tigerjackieshroff/;33400000.0;374200.0;456300.0
252;soohyun_k216;???????? Kim Soo Hyun ???;https://www.instagram.com/soohyun_k216/;13100000.0;949500.0;1200000.0
253;avneetkaur_13;Avneet Kaur Official;https://www.instagram.com/avneetkaur_13/;28800000.0;430100.0;525000.0
254;jin_bighitentertainment;JIN (?????????);https://www.instagram.com/jin_bighitentertainment/;8800000.0;1500000.0;1700000.0
255;gessicakayane;GKAY;https://www.instagram.com/gessicakayane/;18700000.0;385200.0;795200.0
256;sydney_sweeney;Sydney Sweeney;https://www.instagram.com/sydney_sweeney/;7300000.0;1100000.0;2100000.0
257;_rl9;Robert Lewandowski;https://www.instagram.com/_rl9/;24200000.0;478300.0;607000.0
258;zachking;Zach King;https://www.instagram.com/zachking/;24500000.0;387100.0;596600.0
259;emilia_clarke;;https://www.instagram.com/emilia_clarke/;27100000.0;427200.0;538700.0
260;bretmanrock;Bretman (Da Baddest) Rock;https://www.instagram.com/bretmanrock/;18100000.0;473700.0;798200.0
261;shehnaazgill;Shehnaaz Gill;https://www.instagram.com/shehnaazgill/;11100000.0;1100000.0;1400000.0
262;krisjenner;Kris Jenner;https://www.instagram.com/krisjenner/;45800000.0;208200.0;315400.0
263;sidmalhotra;Sidharth Malhotra;https://www.instagram.com/sidmalhotra/;18200000.0;636000.0;792000.0
264;jamescharles;James Charles;https://www.instagram.com/jamescharles/;23600000.0;415800.0;610200.0
265;nicki.nicole;;https://www.instagram.com/nicki.nicole/;11200000.0;871000.0;1300000.0
266;paulwesley;Paul Wesley;https://www.instagram.com/paulwesley/;12100000.0;787300.0;1200000.0
267;janhvikapoor;Janhvi Kapoor;https://www.instagram.com/janhvikapoor/;15400000.0;777600.0;927700.0
268;lilyjcollins;Lily Collins;https://www.instagram.com/lilyjcollins/;26500000.0;356400.0;530800.0
269;liampayne;Liam Payne;https://www.instagram.com/liampayne/;24000000.0;423200.0;590500.0
270;taeyeon_ss;TaeYeon;https://www.instagram.com/taeyeon_ss/;17800000.0;648700.0;789600.0
271;rauwalejandro;RA’ RAUW;https://www.instagram.com/rauwalejandro/;12700000.0;756500.0;1100000.0
272;danialves;Dani Alves;https://www.instagram.com/danialves/;35000000.0;253300.0;394400.0
273;bighit_ent;BigHit Music Updates;https://www.instagram.com/bighit_ent/;13200000.0;847300.0;1000000.0
274;perrieedwards;Perrie Edwards ??;https://www.instagram.com/perrieedwards/;14200000.0;619000.0;965800.0
275;sophiet;S O P H I E T U R N E R;https://www.instagram.com/sophiet/;14900000.0;682900.0;918000.0
276;vancityreynolds;Ryan Reynolds;https://www.instagram.com/vancityreynolds/;41200000.0;255700.0;331000.0
277;larasilva;Lara Silva ??;https://www.instagram.com/larasilva/;16399999.999999998;540500.0;833900.0
278;marshmellomusic;marshmello;https://www.instagram.com/marshmellomusic/;29300000.0;391300.0;461800.0
279;postmalone;twelve carat toothache;https://www.instagram.com/postmalone/;22400000.0;395400.0;605600.0
280;fernanfloo;Fernanfloo;https://www.instagram.com/fernanfloo/;9900000.0;1300000.0;1400000.0
281;willsmith;Will Smith;https://www.instagram.com/willsmith/;58000000.0;191400.0;232900.0
282;fuji_an;Fujianti Utami Putri;https://www.instagram.com/fuji_an/;8300000.000000001;688600.0;1600000.0
283;urvashirautela;URVASHI RAUTELA ????;https://www.instagram.com/urvashirautela/;45500000.0;251500.0;296400.0
284;taeoxo_nct;TAEYONG ??;https://www.instagram.com/taeoxo_nct/;8000000.0;1300000.0;1700000.0
285;kyo1122;Hyekyo Song;https://www.instagram.com/kyo1122/;12700000.0;817800.0;1000000.0
286;psg;Paris Saint-Germain;https://www.instagram.com/psg/;56000000.0;141100.0;236100.0
287;kajalaggarwalofficial;Kajal A Kitchlu;https://www.instagram.com/kajalaggarwalofficial/;20800000.0;526200.0;635800.0
288;sachintendulkar;Sachin Tendulkar;https://www.instagram.com/sachintendulkar/;32900000.0;332800.0;398100.0
289;greeicy;Greeicy;https://www.instagram.com/greeicy/;19700000.0;495200.0;664600.0
290;xeesoxee;???????;https://www.instagram.com/xeesoxee/;8100000.0;1200000.0;1600000.0
291;lukamodric10;Luka Modric;https://www.instagram.com/lukamodric10/;21000000.0;416900.0;611800.0
292;thebursin;Kerem Bu?rsin;https://www.instagram.com/thebursin/;10100000.0;988600.0;1300000.0
293;chiaraferragni;Chiara Ferragni ?;https://www.instagram.com/chiaraferragni/;26300000.0;291600.0;484400.0
294;marvelstudios;Marvel Studios;https://www.instagram.com/marvelstudios/;35500000.0;314000.0;350900.0
295;barackobama;Barack Obama;https://www.instagram.com/barackobama/;35300000.0;301800.0;353500.0
296;luisasonza;LUÍSA SONZA;https://www.instagram.com/luisasonza/;27200000.0;289400.0;457000.0
297;nct127;NCT 127 Official Instagram;https://www.instagram.com/nct127/;13500000.0;743700.0;917700.0
298;jhope_bighitentertainment;J-HOPE (???) Updates;https://www.instagram.com/jhope_bighitentertainment/;8500000.0;1300000.0;1500000.0
299;iamferv;Fer ??555 ??;https://www.instagram.com/iamferv/;8199999.999999999;1000000.0;1500000.0
300;prattprattpratt;chris pratt;https://www.instagram.com/prattprattpratt/;34800000.0;269300.0;351000.0
301;nattinatasha;NATTI NATASHA;https://www.instagram.com/nattinatasha/;34900000.0;291800.0;349500.0
302;marimaria;Mari Maria;https://www.instagram.com/marimaria/;19700000.0;321000.0;616300.0
303;antogriezmann;Antoine Griezmann;https://www.instagram.com/antogriezmann/;35300000.0;210700.0;340300.0
304;hi_sseulgi;?? Seulgi;https://www.instagram.com/hi_sseulgi/;11500000.0;835500.0;1000000.0
305;kapilsharma;Kapil Sharma;https://www.instagram.com/kapilsharma/;38500000.0;274000.0;312300.0
306;realbarbarapalvin;Barbara Palvin;https://www.instagram.com/realbarbarapalvin/;17300000.0;513100.0;692800.0
307;zefelipecantor;Ze?;https://www.instagram.com/zefelipecantor/;22000000.0;310800.0;547300.0
308;neslihanatagul;Neslihan Atagu?l Dog?ulu;https://www.instagram.com/neslihanatagul/;12800000.0;747600.0;940100.0
309;johnnyjsuh;Johnny Suh;https://www.instagram.com/johnnyjsuh/;7800000.0;1200000.0;1600000.0
310;zidane;zidane;https://www.instagram.com/zidane/;30700000.0;284400.0;387600.0
311;fedez;FEDEZ;https://www.instagram.com/fedez/;13300000.0;641400.0;888000.0
312;nct;NCT Official Instagram;https://www.instagram.com/nct/;13100000.0;693500.0;909000.0
313;tenlee_1001;TEN_+•10;https://www.instagram.com/tenlee_1001/;9200000.0;1000000.0;1300000.0
314;leonardodicaprio;Leonardo DiCaprio;https://www.instagram.com/leonardodicaprio/;52300000.0;181300.0;224300.0
315;enhypen;ENHYPEN;https://www.instagram.com/enhypen/;8700000.0;968900.0;1400000.0
316;pubity;Pubity;https://www.instagram.com/pubity/;30600000.0;258500.0;378100.0
317;m_kayoung;MUN KA YOUNG;https://www.instagram.com/m_kayoung/;7700000.0;1100000.0;1500000.0
318;mirella;BAD MI ?? MC MIRELLA;https://www.instagram.com/mirella/;26100000.0;209500.0;443300.0
319;louispartridge_;Louis??;https://www.instagram.com/louispartridge_/;7700000.0;1000000.0;1500000.0
320;bambam1a;BamBam;https://www.instagram.com/bambam1a/;15700000.0;581400.0;730600.0
321;future;Future PLUTO Hendrix;https://www.instagram.com/future/;18700000.0;306400.0;609800.0
322;ncentineo;Noah;https://www.instagram.com/ncentineo/;17100000.0;395200.0;656700.0
323;suga_bighitentertainment;SUGA (????????) Updates;https://www.instagram.com/suga_bighitentertainment/;8100000.0;1200000.0;1400000.0
324;lizgillz;Elizabeth Gillies;https://www.instagram.com/lizgillz/;13800000.0;558200.0;808700.0
325;davido;Davido;https://www.instagram.com/davido/;22800000.0;358700.0;501300.0
326;florencepugh;Florence Pugh;https://www.instagram.com/florencepugh/;7000000.0;1100000.0;1600000.0
327;viihtube;Viih Tube;https://www.instagram.com/viihtube/;22400000.0;257600.00000000003;487400.0
328;marinaruybarbosa;Marina Ruy Barbosa;https://www.instagram.com/marinaruybarbosa/;39500000.0;182500.0;275800.0
329;khabib_nurmagomedov;????? ????????????;https://www.instagram.com/khabib_nurmagomedov/;32700000.000000004;236300.0;331600.0
330;iammichelemorroneofficial;Michele Morrone;https://www.instagram.com/iammichelemorroneofficial/;12900000.0;582700.0;835700.0
331;wow_kimsohyun;????????;https://www.instagram.com/wow_kimsohyun/;11900000.0;777000.0;892500.0
332;caradelevingne;Cara Delevingne;https://www.instagram.com/caradelevingne/;43500000.0;174000.0;244000.0
333;melissamelmaia;MEL MAIA;https://www.instagram.com/melissamelmaia/;11300000.0;515900.0;934800.0
334;_agentgirl_;????? ???????;https://www.instagram.com/_agentgirl_/;19200000.0;449400.0;543400.0
335;marvel;Marvel Entertainment;https://www.instagram.com/marvel/;61300000.0;139700.0;167800.0
336;lacasadepapel;La Casa de Papel;https://www.instagram.com/lacasadepapel/;13700000.0;499500.0;749800.0
337;aespa_official;aespa ??????;https://www.instagram.com/aespa_official/;7800000.0;936400.0;1300000.0
338;asaprocky;GRIM;https://www.instagram.com/asaprocky/;14400000.0;426700.0;714100.0
339;marktuan;Mark Tuan;https://www.instagram.com/marktuan/;11900000.0;657200.0;863300.0
340;juanpazurita;Juanpa Zurita;https://www.instagram.com/juanpazurita/;28100000.0;254600.0;363100.0
341;riyaz.14;Riyaz Aly;https://www.instagram.com/riyaz.14/;24900000.0;316800.0;412800.0
342;camilo;C A M I L O;https://www.instagram.com/camilo/;25800000.0;246100.0;391100.0
343;jessicah_o;Jessi / ????;https://www.instagram.com/jessicah_o/;9500000.0;835100.0;1100000.0
344;offsetyrn;OFFSET;https://www.instagram.com/offsetyrn/;19600000.0;286300.0;512299.99999999994
345;avani;avani;https://www.instagram.com/avani/;18600000.0;396600.0;533300.0
346;serna_amini;Serna Amini;https://www.instagram.com/serna_amini/;6700000.0;1200000.0;1600000.0
347;joaogomescantor;Joa?o Gomes ??;https://www.instagram.com/joaogomescantor/;10100000.0;361600.0;989200.0
348;maddieziegler;maddie;https://www.instagram.com/maddieziegler/;13800000.0;473700.0;710100.0
349;dntlrdl;CHOIWOOSHIK;https://www.instagram.com/dntlrdl/;5600000.0;1400000.0;1800000.0
350;nct_dream;NCT DREAM OFFICIAL;https://www.instagram.com/nct_dream/;8800000.0;999400.0;1100000.0
351;gusttavolima;?? Gusttavo Lima ??;https://www.instagram.com/gusttavolima/;42500000.0;136900.0;227800.0
352;lildurk;DURKIOOO;https://www.instagram.com/lildurk/;12500000.0;275500.0;778800.0
353;golfarahani;Golshifteh Farahani;https://www.instagram.com/golfarahani/;12300000.0;607400.0;782500.0
354;rahulkl;KL Rahul??;https://www.instagram.com/rahulkl/;11600000.0;707500.0;825000.0
355;ler_chek;??????? ????????;https://www.instagram.com/ler_chek/;10700000.0;699200.0;913800.0
356;awez_darbar;Awez Darbar;https://www.instagram.com/awez_darbar/;15400000.0;515500.0;619400.0
357;houseofhighlights;House of Highlights;https://www.instagram.com/houseofhighlights/;31400000.0;165200.0;303200.0
358;amitabhbachchan;Amitabh Bachchan;https://www.instagram.com/amitabhbachchan/;29800000.0;276500.0;318700.0
359;jakepaul;Jake Paul;https://www.instagram.com/jakepaul/;18800000.0;301200.0;503400.0
360;wwiinn_7;WINWIN;https://www.instagram.com/wwiinn_7/;6700000.0;1200000.0;1400000.0
361;jailyneojeda;Jailyne Ojeda Ochoa;https://www.instagram.com/jailyneojeda/;14000000.0;481300.0;667100.0
362;demirose;Demi Rose;https://www.instagram.com/demirose/;19000000.0;371000.0;482300.0
363;_mariahwasa;HWASA;https://www.instagram.com/_mariahwasa/;7700000.0;933100.0;1200000.0
364;sanchooo10;Jadon Sancho;https://www.instagram.com/sanchooo10/;8100000.0;654600.0;1100000.0
365;alexandradaddario;alexandra daddario;https://www.instagram.com/alexandradaddario/;21500000.0;345000.0;421100.0
366;lamborghini;Lamborghini;https://www.instagram.com/lamborghini/;31500000.0;208000.0;286900.0
367;parineetichopra;Parineeti Chopra;https://www.instagram.com/parineetichopra/;34700000.0;225900.0;259600.00000000003
368;yellow_3to3;REN JUN;https://www.instagram.com/yellow_3to3/;4800000.0;1600000.0;1900000.0
369;lucasranngel;LUCAS RANGEL;https://www.instagram.com/lucasranngel/;18900000.0;214600.0;474900.0
370;lexibrookerivera;Lexi Rivera;https://www.instagram.com/lexibrookerivera/;8400000.0;877400.0;1100000.0
371;bernardokath;Kathryn Bernardo ??;https://www.instagram.com/bernardokath/;16500000.0;442100.0;532400.0
372;machinegunkelly;the Blonde Don;https://www.instagram.com/machinegunkelly/;9500000.0;590100.0;948800.0
373;theellenshow;Ellen DeGeneres;https://www.instagram.com/theellenshow/;114400000.0;66800.0;77800.0
374;iynemliarasbulut;Aras Bulut I?ynemli;https://www.instagram.com/iynemliarasbulut/;10100000.0;629200.0;877700.0
375;hichasestokes;;https://www.instagram.com/hichasestokes/;7300000.0;810700.0;1200000.0
376;ibaillanos;Ibai;https://www.instagram.com/ibaillanos/;6600000.0;946500.0;1300000.0
377;teddysphotos;Ed Sheeran;https://www.instagram.com/teddysphotos/;37000000.0;174400.0;237800.0
378;gisele;Gisele Bu?ndchen;https://www.instagram.com/gisele/;18600000.0;316000.0;468900.0
379;liverpoolfc;Liverpool Football Club;https://www.instagram.com/liverpoolfc/;35500000.0;175600.0;245400.0
380;charlieputh;Charlie;https://www.instagram.com/charlieputh/;15600000.0;392000.0;557400.0
381;jinyoung_0922jy;jinyoung;https://www.instagram.com/jinyoung_0922jy/;9200000.0;717900.0;952000.0
382;leaelui;Lea Elui G;https://www.instagram.com/leaelui/;11800000.0;432100.0;725400.0
383;bianca;BOCA ROSA;https://www.instagram.com/bianca/;17300000.0;208600.0;489200.0
384;yerimiese;Yeri;https://www.instagram.com/yerimiese/;9800000.0;700200.0;867300.0
385;goar_avetisyan;Goar Avetisyan;https://www.instagram.com/goar_avetisyan/;11500000.0;527000.0;731500.0
386;ronaldinho;Ronaldo de Assis Moreira;https://www.instagram.com/ronaldinho/;63300000.0;76600.0;131800.0
387;davikah;davikah;https://www.instagram.com/davikah/;15400000.0;414800.0;537100.0
388;britneyspears;Britney Spears;https://www.instagram.com/britneyspears/;39500000.0;151700.0;212400.0
389;nianaguerrero;Niana;https://www.instagram.com/nianaguerrero/;13900000.0;470500.0;590000.0
390;andressasuita;Andressa Suita;https://www.instagram.com/andressasuita/;15500000.0;321200.0;530100.0
391;demetozdemir;Demet O?zdemir;https://www.instagram.com/demetozdemir/;14700000.0;443400.0;561500.0
392;keniaos;Kenia Os;https://www.instagram.com/keniaos/;12000000.0;526800.0;685900.0
393;hunterschafer;Hunter;https://www.instagram.com/hunterschafer/;5500000.0;922800.0;1500000.0
394;mr_faisu_07;FAISAL SHAIKH;https://www.instagram.com/mr_faisu_07/;26100000.0;251200.0;320200.0
395;gildovigor;GIL DO VIGOR;https://www.instagram.com/gildovigor/;14800000.0;403100.0;558900.0
396;debbyryan;Debby Ryan;https://www.instagram.com/debbyryan/;16800000.0;333400.0;484200.0
397;daquan;Daquan;https://www.instagram.com/daquan/;16700000.0;317000.0;488600.0
398;reesewitherspoon;Reese Witherspoon;https://www.instagram.com/reesewitherspoon/;27000000.0;253300.0;302400.0
399;mattyperry4;Matthew Perry;https://www.instagram.com/mattyperry4/;7800000.0;769300.0;1100000.0
400;shaymitchell;Shay Mitchell;https://www.instagram.com/shaymitchell/;32100000.0;181000.0;252300.0
401;mathildtantot;Mathilde;https://www.instagram.com/mathildtantot/;10300000.0;518600.0;784500.0
402;weareone.exo;EXO Official;https://www.instagram.com/weareone.exo/;9700000.0;676700.0;848900.0
403;easportsfifa;EA SPORTS FIFA;https://www.instagram.com/easportsfifa/;25500000.0;189100.0;316300.0
404;anyataylorjoy;Anya Taylor-Joy;https://www.instagram.com/anyataylorjoy/;8600000.0;662100.0;953900.0
405;kehlani;Kehlani;https://www.instagram.com/kehlani/;13600000.0;379500.0;591300.0
406;aurelie.hermansyah;Aurelie Hermansyah Atta;https://www.instagram.com/aurelie.hermansyah/;24300000.0;262600.0;331300.0
407;winmetawin;Win Metawin O.;https://www.instagram.com/winmetawin/;8900000.0;812500.0;921000.0
408;anupamaparameswaran96;Anupama Parameswaran;https://www.instagram.com/anupamaparameswaran96/;10900000.0;637800.0;729400.0
409;yoona__lim;;https://www.instagram.com/yoona__lim/;13100000.0;511300.0;610800.0
410;raphaelvarane;Raphael Varane;https://www.instagram.com/raphaelvarane/;18000000.0;294000.0;441600.0
411;prillylatuconsina96;Prilly Latuconsina;https://www.instagram.com/prillylatuconsina96/;45800000.0;123900.0;173900.0
412;trippieredd;555;https://www.instagram.com/trippieredd/;12800000.0;318200.0;624500.0
413;imsebastianstan;Sebastian Stan;https://www.instagram.com/imsebastianstan/;8700000.0;771200.0;916900.0
414;marcusrashford;Marcus Rashford MBE;https://www.instagram.com/marcusrashford/;12600000.0;393900.0;623300.0
415;manurios;manu rios;https://www.instagram.com/manurios/;9900000.0;472100.0;796800.0
416;dqsalmaan;Dulquer Salmaan;https://www.instagram.com/dqsalmaan/;9900000.0;586700.0;794300.0
417;loren;loren gray;https://www.instagram.com/loren/;22400000.0;208800.0;345000.0
418;markruffalo;Mark Ruffalo;https://www.instagram.com/markruffalo/;20300000.0;297800.0;375200.0
419;nikkietutorials;NikkieTutorials;https://www.instagram.com/nikkietutorials/;15400000.0;364700.0;495500.0
420;syifahadjureal;Syifa Hadju;https://www.instagram.com/syifahadjureal/;14600000.0;417100.0;515000.0
421;mont.pantoja;MONT;https://www.instagram.com/mont.pantoja/;11200000.0;565600.0;673300.0
422;leeyoum262;??????;https://www.instagram.com/leeyoum262/;7400000.0;843400.0;1000000.0
423;victoriajustice;Victoria Justice;https://www.instagram.com/victoriajustice/;21600000.0;254200.0;346400.0
424;vanessabryant;Vanessa Bryant ??;https://www.instagram.com/vanessabryant/;15400000.0;369400.0;483900.0
425;achrafhakimi;Achraf Hakimi;https://www.instagram.com/achrafhakimi/;8000000.0;639800.0;941800.0
426;elrodrigocontreras;ROD??;https://www.instagram.com/elrodrigocontreras/;12500000.0;541900.0;597500.0
427;arishfakhan138;Sayyed Arishfa Khan ??;https://www.instagram.com/arishfakhan138/;26900000.0;227900.0;277900.0
428;burakozcivit;Burak O?zc?ivit;https://www.instagram.com/burakozcivit/;20100000.0;305000.0;370900.0
429;hassan_reyvandi;hasan reyvandi ??? ??????;https://www.instagram.com/hassan_reyvandi/;18300000.0;293200.0;406100.0
430;imouniroy;mon;https://www.instagram.com/imouniroy/;21800000.0;278200.0;337700.0
431;bhadbhabie;????????????;https://www.instagram.com/bhadbhabie/;16500000.0;237100.0;446200.0
432;ozuna;@ozutochi ?? #TemporadaDelOzo;https://www.instagram.com/ozuna/;22000000.0;248000.0;334900.0
433;maisa;+A;https://www.instagram.com/maisa/;41100000.0;130300.00000000001;178200.0
434;mariapedraza_;Mari?a Pedraza;https://www.instagram.com/mariapedraza_/;12000000.0;459100.0;606000.0
435;juventus;Juventus;https://www.instagram.com/juventus/;52300000.0;97100.0;138700.0
436;salmahayek;Salma Hayek Pinault;https://www.instagram.com/salmahayek/;20500000.0;286600.0;353100.0
437;ms_puiyi;Siew Pui Yi ??;https://www.instagram.com/ms_puiyi/;16300000.0;343300.0;439700.0
438;ranveersingh;Ranveer Singh;https://www.instagram.com/ranveersingh/;38400000.0;144700.0;186700.0
439;djxiao_888;XIAOJUN;https://www.instagram.com/djxiao_888/;6400000.0;909400.0;1100000.0
440;todayis_wendy;Wendy;https://www.instagram.com/todayis_wendy/;5900000.0;1000000.0;1200000.0
441;e_milygarcia;Emily Garcia;https://www.instagram.com/e_milygarcia/;11000000.0;394200.0;651800.0
442;sonu_sood;Sonu Sood;https://www.instagram.com/sonu_sood/;14100000.0;438800.0;501800.0
443;ileana_official;Ileana D'Cruz;https://www.instagram.com/ileana_official/;13900000.0;416200.0;505700.0
444;i_m_hendery;Hi????im Hendery????;https://www.instagram.com/i_m_hendery/;5800000.0;956800.0;1200000.0
445;fortnite;Fortnite;https://www.instagram.com/fortnite/;26100000.0;226800.0;267800.0
446;gioewbank;Giovanna Ewbank;https://www.instagram.com/gioewbank/;27800000.0;156800.0;251600.0
447;vinniehacker;†;https://www.instagram.com/vinniehacker/;5400000.0;626200.0;1300000.0
448;saweetie;icy bae;https://www.instagram.com/saweetie/;13000000.0;230300.0;535400.0
449;emmaroberts;Emma Roberts;https://www.instagram.com/emmaroberts/;17500000.0;268000.0;395400.0
450;faz3;Fazza;https://www.instagram.com/faz3/;13700000.0;396200.0;523299.99999999994
451;nickyjam;NICKY JAM;https://www.instagram.com/nickyjam/;42300000.0;138600.0;164200.0
452;loud_victor;Victor Augusto;https://www.instagram.com/loud_victor/;10400000.0;523400.0;667900.0
453;hannahstocking;Hannah Stocking;https://www.instagram.com/hannahstocking/;20700000.0;233700.0;332900.0
454;chloegmoretz;Chloë Grace Moretz;https://www.instagram.com/chloegmoretz/;19800000.0;260899.99999999997;347900.0
455;jokowi;Joko Widodo;https://www.instagram.com/jokowi/;44900000.0;122400.0;153600.0
456;jadepicon;JADE ??;https://www.instagram.com/jadepicon/;18400000.0;171900.0;374800.0
457;keerthysureshofficial;Keerthy Suresh;https://www.instagram.com/keerthysureshofficial/;11600000.0;516700.00000000006;591200.0
458;yasmine_sabri;Yasmine Sabri;https://www.instagram.com/yasmine_sabri/;18000000.0;272500.0;382000.0
459;soueunavida;Sou Eu Na Vida;https://www.instagram.com/soueunavida/;17000000.0;212200.0;402800.0
460;malutrevejo;Malu? ?? 222??;https://www.instagram.com/malutrevejo/;11000000.0;344400.0;618200.0
461;ludmilla;Ludmilla;https://www.instagram.com/ludmilla/;25600000.0;181700.0;272000.0
462;7_luhan_m;? Han;https://www.instagram.com/7_luhan_m/;12700000.0;442400.0;537000.0
463;floydmayweather;Floyd Mayweather;https://www.instagram.com/floydmayweather/;27800000.0;138900.0;243200.0
464;rachel_mypark;????????? Minyoung Park;https://www.instagram.com/rachel_mypark/;9300000.0;588600.0;733300.0
465;nancyajram;Nancy Ajram;https://www.instagram.com/nancyajram/;32000000.0;166200.0;212200.0
466;21savage;;https://www.instagram.com/21savage/;13200000.0;291700.0;511800.0
467;gururandhawa;Guru Randhawa;https://www.instagram.com/gururandhawa/;30700000.0;178500.0;219900.0
468;dindahw;Dinda Hauw;https://www.instagram.com/dindahw/;13600000.0;329400.0;493300.0
469;alfinetei;Alfinetadas Dos Famosos ??;https://www.instagram.com/alfinetei/;20500000.0;146800.0;329700.0
470;netflixbrasil;Netflix Brasil;https://www.instagram.com/netflixbrasil/;28900000.0;135900.0;231800.0
471;mariabecerra;Maria Becerra;https://www.instagram.com/mariabecerra/;7900000.0;360700.0;851300.0
472;alidaei;Ali Daei;https://www.instagram.com/alidaei/;7800000.0;523700.00000000006;880200.0
473;realhinakhan;HK;https://www.instagram.com/realhinakhan/;16200000.0;331100.0;406900.0
474;memezar;Memezar • Comedy and Culture;https://www.instagram.com/memezar/;23300000.0;190100.0;282200.0
475;ananyapanday;Ananya ????;https://www.instagram.com/ananyapanday/;21200000.0;265600.0;310600.0
476;aboflah;AboFlah;https://www.instagram.com/aboflah/;7200000.0;0.0;946800.0
477;thenameisyash;Yash;https://www.instagram.com/thenameisyash/;5700000.0;989600.0;1200000.0
478;angelinajolie;Angelina Jolie;https://www.instagram.com/angelinajolie/;12200000.0;325900.0;538200.0
479;mejiwoo103;????;https://www.instagram.com/mejiwoo103/;10800000.0;501900.0;604900.0
480;sandrinna_11;Drinna;https://www.instagram.com/sandrinna_11/;10000000.0;520100.0;663500.0
481;simaria;Simaria Mendes;https://www.instagram.com/simaria/;27100000.0;166700.0;242100.0
482;julesleblanc;julianna;https://www.instagram.com/julesleblanc/;9600000.0;473400.0;685000.0
483;donya;Donya;https://www.instagram.com/donya/;14500000.0;297400.0;465900.0
484;dababy;BILLION DOLLAR BABY ????;https://www.instagram.com/dababy/;20300000.0;196500.0;320800.0
485;chrissyteigen;chrissy teigen;https://www.instagram.com/chrissyteigen/;36900000.0;133300.0;174700.0
486;madisonbaileybabe;Maddie Baby;https://www.instagram.com/madisonbaileybabe/;6600000.0;529300.0;991200.0
487;fuckjerry;FUCKJERRY;https://www.instagram.com/fuckjerry/;16399999.999999998;306900.0;397900.0
488;ykaaar;Damiano David/Ma?neskin;https://www.instagram.com/ykaaar/;5100000.0;891500.0;1300000.0
489;rakulpreet;Rakul Singh;https://www.instagram.com/rakulpreet/;18400000.0;295400.0;347200.0
490;arigameplays;ARIGAMEPLAYS;https://www.instagram.com/arigameplays/;9100000.0;590000.0;709000.0
491;samsmith;Sam Smith;https://www.instagram.com/samsmith/;14700000.0;296000.0;434000.0
492;sthefanematos;STHE ??;https://www.instagram.com/sthefanematos/;9500000.0;297200.0;680600.0
493;timatiofficial;13;https://www.instagram.com/timatiofficial/;18000000.0;266700.0;353000.0
494;chelseafc;Chelsea FC;https://www.instagram.com/chelseafc/;31800000.0;132200.0;197300.0
495;nba;NBA;https://www.instagram.com/nba/;63800000.0;59100.0;98100.0
496;nadin_serovski;Nadin Serovski;https://www.instagram.com/nadin_serovski/;9900000.0;470000.0;644300.0
497;conangray;Conan Gray;https://www.instagram.com/conangray/;5500000.0;769900.0;1200000.0
498;o.dembele7;Believe;https://www.instagram.com/o.dembele7/;9900000.0;375600.0;643800.0
499;min9yu_k;???;https://www.instagram.com/min9yu_k/;5800000.0;888600.0;1100000.0
500;darshanravaldz;Darshan Raval #JannatVe;https://www.instagram.com/darshanravaldz/;14500000.0;358500.0;433300.0
501;c.syresmith;Jaden Smith;https://www.instagram.com/c.syresmith/;18100000.0;222600.0;344100.0
502;mariaalice;Maria Alice;https://www.instagram.com/mariaalice/;6500000.0;466500.0;974100.0
503;frenkiedejong;Frenkie de Jong;https://www.instagram.com/frenkiedejong/;9600000.0;436900.0;655100.0
504;lizzobeeating;Lizzo;https://www.instagram.com/lizzobeeating/;12000000.0;371800.0;519799.99999999994
505;paollaoliveirareal;Paolla Oliveira;https://www.instagram.com/paollaoliveirareal/;33200000.000000004;141100.0;187700.0
506;vousmevoyez;KRYSTAL;https://www.instagram.com/vousmevoyez/;10000000.0;474100.0;615600.0
507;ldh_sky;???????;https://www.instagram.com/ldh_sky/;5400000.0;908000.0;1200000.0
508;jimmyfallon;Jimmy Fallon;https://www.instagram.com/jimmyfallon/;20800000.0;236700.0;297000.0
509;dukissj;Ya Supiste;https://www.instagram.com/dukissj/;8600000.0;405200.0;722600.0
510;darianrojasc;DARIAN R. C R A W S T O N ?;https://www.instagram.com/darianrojasc/;7900000.0;718100.0;794000.0
511;iqbaal.e;iqbaal ramadhan;https://www.instagram.com/iqbaal.e/;13300000.0;266000.0;457600.0
512;kun11xd;KUN;https://www.instagram.com/kun11xd/;6300000.0;788700.0;987300.0
513;alexisren;Alexis Ren;https://www.instagram.com/alexisren/;15500000.0;251900.0;391200.0
514;polo.capalot;Polo.G??;https://www.instagram.com/polo.capalot/;9900000.0;378400.0;622400.0
515;ratantata;Ratan Tata;https://www.instagram.com/ratantata/;5600000.0;916500.0;1100000.0
516;michelleobama;Michelle Obama;https://www.instagram.com/michelleobama/;48600000.0;113600.0;125100.0
517;hshq;Harry Styles HQ;https://www.instagram.com/hshq/;5400000.0;641000.0;1100000.0
518;michaelbjordan;Michael B. Jordan;https://www.instagram.com/michaelbjordan/;18300000.0;197800.0;327900.0
519;felicyangelista_;Felicya Angelista;https://www.instagram.com/felicyangelista_/;20600000.0;211400.0;289800.0
520;peytonlist;Peyton List;https://www.instagram.com/peytonlist/;19400000.0;205000.0;308600.0
521;kenzie;kenzie ?;https://www.instagram.com/kenzie/;14900000.0;263400.0;400900.0
522;jimena.jimenezr;Jimena;https://www.instagram.com/jimena.jimenezr/;5900000.0;706000.0;1000000.0
523;yangyang_x2;YangYang ??????;https://www.instagram.com/yangyang_x2/;5900000.0;808000.0;1000000.0
524;madhuridixitnene;Madhuri Dixit;https://www.instagram.com/madhuridixitnene/;29500000.0;174100.0;202400.0
525;lanacondor;;https://www.instagram.com/lanacondor/;11000000.0;396800.0;540700.0
526;ross_lynch;Ross Lynch;https://www.instagram.com/ross_lynch/;9900000.0;304500.0;607700.0
527;ciara;Ciara;https://www.instagram.com/ciara/;30700000.0;143500.0;192800.0
528;kingbach;King Bach;https://www.instagram.com/kingbach/;21900000.0;134800.0;271200.0
529;corinnakopf;pouty girl;https://www.instagram.com/corinnakopf/;6300000.0;623400.0;954000.0
530;rogerfederer;Roger Federer;https://www.instagram.com/rogerfederer/;9100000.0;510400.0;661500.0
531;jensenackles;Jensen Ackles;https://www.instagram.com/jensenackles/;9000000.0;511400.0;665000.0
532;euphoria;euphoria;https://www.instagram.com/euphoria/;5000000.0;733800.0;1200000.0
533;pefabiodemelo;Padre Fábio de Melo;https://www.instagram.com/pefabiodemelo/;25300000.0;155600.0;233900.0
534;liamhemsworth;Liam Hemsworth;https://www.instagram.com/liamhemsworth/;13200000.0;311500.0;442800.0
535;sav.labrant;Savannah Rose LaBrant;https://www.instagram.com/sav.labrant/;6900000.0;638600.0;854000.0
536;rafaelnadal;Rafa Nadal;https://www.instagram.com/rafaelnadal/;13500000.0;344000.0;431000.0
537;maneskinofficial;Ma?neskin;https://www.instagram.com/maneskinofficial/;6000000.0;698700.0;985900.0
538;rizkybillar;Muhammad Rizky Billar;https://www.instagram.com/rizkybillar/;12400000.0;358200.0;462000.0
539;raisa6690;;https://www.instagram.com/raisa6690/;29800000.0;122300.0;191400.0
540;cocielo;Ju?lio Cocielo Estaniecki;https://www.instagram.com/cocielo/;17500000.0;207800.0;325100.0
541;anguscloud;Angus Cloud;https://www.instagram.com/anguscloud/;4300000.0;808400.0;1300000.0
542;coldplay;Coldplay;https://www.instagram.com/coldplay/;14800000.0;275100.0;383500.0
543;premierleague;Premier League;https://www.instagram.com/premierleague/;53700000.0;73800.0;105300.0
544;shreyaghoshal;shreyaghoshal;https://www.instagram.com/shreyaghoshal/;23400000.0;216900.0;241100.0
545;angelrai07;Angel Rai :);https://www.instagram.com/angelrai07/;11000000.0;423200.0;510100.0
546;celestebarber;Celeste Barber;https://www.instagram.com/celestebarber/;8800000.0;602900.0;650700.0
547;vanessamorgan;Vanessa Morgan;https://www.instagram.com/vanessamorgan/;9400000.0;419500.0;596500.0
548;channingtatum;Channing Tatum;https://www.instagram.com/channingtatum/;16900000.0;227600.0;328900.0
549;burcuozberk;Burcu O?zberk;https://www.instagram.com/burcuozberk/;8800000.0;495800.0;641700.0
550;joerogan;Joe Rogan;https://www.instagram.com/joerogan/;14500000.0;275800.0;385400.0
551;kevindebruyne;Kevin De Bruyne;https://www.instagram.com/kevindebruyne/;16200000.0;216600.0;335400.0
552;d_a___m_i;KIM DA MI;https://www.instagram.com/d_a___m_i/;4099999.9999999995;1100000.0;1300000.0
553;_shotaroo_;SHOTARO ??????;https://www.instagram.com/_shotaroo_/;4600000.0;912000.0;1200000.0
554;f1;FORMULA 1®;https://www.instagram.com/f1/;17100000.0;248000.0;314400.0
555;candiceking;Candice King;https://www.instagram.com/candiceking/;9700000.0;403600.0;561900.0
556;asabopp;Asa Butterfield;https://www.instagram.com/asabopp/;5800000.0;639400.0;935200.0
557;mo.on_air;TAEIL;https://www.instagram.com/mo.on_air/;4000000.0;1100000.0;1400000.0
558;litkillah;MAWZ??;https://www.instagram.com/litkillah/;6700000.0;614200.0;810400.0
559;ansufati;Ansu Fati;https://www.instagram.com/ansufati/;7800000.0;455300.0;690600.0
560;evcenf;Fahriye Evcen O?zc?ivit;https://www.instagram.com/evcenf/;12600000.0;337000.0;424500.0
561;paulwalker;Paul Walker;https://www.instagram.com/paulwalker/;14400000.0;266000.0;364000.0
562;quavohuncho;QuavoHuncho;https://www.instagram.com/quavohuncho/;20700000.0;154200.0;254400.0
563;jaimelorentelo;El chaval;https://www.instagram.com/jaimelorentelo/;14600000.0;268700.0;359400.0
564;iscoalarcon;Isco Alarcon Suarez;https://www.instagram.com/iscoalarcon/;22900000.0;159200.0;229800.0
565;cvillaloboss;CARMEN VILLALOBOS;https://www.instagram.com/cvillaloboss/;18400000.0;231200.0;284500.0
566;austinmcbroom;Austin McBroom;https://www.instagram.com/austinmcbroom/;6500000.0;580400.0;817200.0
567;vegetta777;?? Samuel De Luque ??;https://www.instagram.com/vegetta777/;5700000.0;684300.0;934600.0
568;adamsandler;Adam Sandler;https://www.instagram.com/adamsandler/;12000000.0;340600.0;433500.0
569;araikgalstyanmoscowschool;?????  ????????®?;https://www.instagram.com/araikgalstyanmoscowschool/;12600000.0;319800.0;413000.0
570;obj;Odell Beckham Jr;https://www.instagram.com/obj/;15200000.0;179300.0;342500.0
571;apple;apple;https://www.instagram.com/apple/;27200000.0;141800.0;189800.0
572;nobrutv;Bruno Goes ??;https://www.instagram.com/nobrutv/;13200000.0;286100.0;392500.0
573;larissamanoela;Larissa Manoela;https://www.instagram.com/larissamanoela/;43600000.0;71100.0;117900.0
574;indiancricketteam;Team India;https://www.instagram.com/indiancricketteam/;22800000.0;191800.0;223200.0
575;k.kbeom;?????? kimbum;https://www.instagram.com/k.kbeom/;4800000.0;880600.0;1100000.0
576;nehasharmaofficial;Neha Sharma ??;https://www.instagram.com/nehasharmaofficial/;13600000.0;327000.0;375600.0
577;raffinagita1717;Raffi Ahmad and Nagita Slavina;https://www.instagram.com/raffinagita1717/;59300000.0;57000.0;86000.0
578;wizkhalifa;Wiz Khalifa;https://www.instagram.com/wizkhalifa/;35100000.0;103100.0;145400.0
579;alok;Alok;https://www.instagram.com/alok/;26700000.0;148500.0;191100.0
580;geewonii;???;https://www.instagram.com/geewonii/;6900000.0;562700.0;740800.0
581;dylansprouse;Dylan Sprouse;https://www.instagram.com/dylansprouse/;9300000.0;348000.0;546300.0
582;navidmohammadzadeh;navid mohammadzadeh;https://www.instagram.com/navidmohammadzadeh/;8000000.0;451500.0;637600.0
583;teyanataylor;Jimmy Neutch- Shumpert;https://www.instagram.com/teyanataylor/;14400000.0;205100.0;347900.0
584;fcbayern;FC Bayern;https://www.instagram.com/fcbayern/;30900000.0;109700.0;161500.0
585;markiplier;Markiplier;https://www.instagram.com/markiplier/;9700000.0;459700.0;524000.0
586;yugyeom;KYUM;https://www.instagram.com/yugyeom/;10700000.0;362800.0;471100.0
587;sportscenter;SportsCenter;https://www.instagram.com/sportscenter/;28400000.0;97100.0;174300.0
588;lucyhale;Lucy Hale;https://www.instagram.com/lucyhale/;24300000.0;153800.0;203300.0
589;lilhuddy;Chase Hudson;https://www.instagram.com/lilhuddy/;12100000.0;274700.0;408800.0
590;aleoliveiracm;Ale? Oliveira;https://www.instagram.com/aleoliveiracm/;8199999.999999999;248700.0;634900.0
591;nikitadragun;Nikita;https://www.instagram.com/nikitadragun/;9100000.0;358500.0;548400.0
592;aliiiiiiiikarimi8;Ali Karimi;https://www.instagram.com/aliiiiiiiikarimi8/;9000000.0;370200.0;557400.0
593;tamannaahspeaks;Tamannaah Bhatia;https://www.instagram.com/tamannaahspeaks/;15500000.0;270100.0;314700.0
594;sadiomaneofficiel;Sadio Mane;https://www.instagram.com/sadiomaneofficiel/;9300000.0;369000.0;525900.0
595;thenewclassic;Iggy Azalea;https://www.instagram.com/thenewclassic/;15700000.0;190400.0;307500.0
596;beautifuldestinations;BEAUTIFUL DESTINATIONS;https://www.instagram.com/beautifuldestinations/;23000000.0;156000.0;208700.0
597;wesleysafadao;Wesley Safada?o;https://www.instagram.com/wesleysafadao/;36100000.0;81800.0;133700.0
598;nickjonas;Nick Jonas;https://www.instagram.com/nickjonas/;32200000.000000004;104500.0;147400.0
599;saipallavi.senthamarai;Sai Pallavi;https://www.instagram.com/saipallavi.senthamarai/;5200000.0;815600.0;935000.0
600;alishalehmann7;Alisha Lehmann;https://www.instagram.com/alishalehmann7/;6300000.0;407300.0;768900.0
601;wizkidayo;BIG WIZ??;https://www.instagram.com/wizkidayo/;13900000.0;181500.0;350600.0
602;lizakoshy;Liza Koshy;https://www.instagram.com/lizakoshy/;19600000.0;180900.0;241300.0
603;yaocabrera;Yao Cabrera;https://www.instagram.com/yaocabrera/;9900000.0;224000.0;486900.0
604;sincerooficial;Sincero Oficial;https://www.instagram.com/sincerooficial/;20700000.0;117000.0;227000.0
605;amandacerny;Amanda ??????????;https://www.instagram.com/amandacerny/;24200000.0;120900.0;193300.0
606;t22felton;Tom Felton;https://www.instagram.com/t22felton/;11900000.0;304400.0;394100.0
607;urstrulymahesh;Mahesh Babu;https://www.instagram.com/urstrulymahesh/;7800000.0;550000.0;605900.0
608;sofiaalcastro;?sofia castro;https://www.instagram.com/sofiaalcastro/;8400000.0;410700.0;559300.0
609;alvxaro;ALVARO;https://www.instagram.com/alvxaro/;8900000.0;214200.0;538900.0
610;giannis_an34;Giannis Antetokounmpo;https://www.instagram.com/giannis_an34/;11900000.0;244000.0;386100.0
611;therealstanlee;Stan Lee;https://www.instagram.com/therealstanlee/;12100000.0;281200.0;379200.0
612;hadise;Hadise;https://www.instagram.com/hadise/;13500000.0;290900.0;339400.0
613;irinashayk;irinashayk;https://www.instagram.com/irinashayk/;17600000.0;188100.0;260200.0
614;naileadevora;nai;https://www.instagram.com/naileadevora/;4800000.0;657400.0;971900.0
615;jeremyrenner;Jeremy Renner;https://www.instagram.com/jeremyrenner/;17000000.0;224200.0;268000.0
616;aidanrgallagher;Aidan R Gallagher;https://www.instagram.com/aidanrgallagher/;7200000.0;535900.0;646700.0
617;barbieferreira;barbie ferreira;https://www.instagram.com/barbieferreira/;4200000.0;600100.0;1100000.0
618;cazzu;? ???????? ??????;https://www.instagram.com/cazzu/;9700000.0;367800.0;471300.0
619;abdevilliers17;AB de Villiers;https://www.instagram.com/abdevilliers17/;16700000.0;233800.0;269700.0
620;rafaeluccman;Rafael Uccman;https://www.instagram.com/rafaeluccman/;8500000.0;271700.0;560000.0
621;larray;larri;https://www.instagram.com/larray/;6700000.0;467200.0;682000.0
622;attahalilintar;Atta Halilintar;https://www.instagram.com/attahalilintar/;22200000.0;147800.0;202100.0
623;melo;LaMelo Ball;https://www.instagram.com/melo/;8000000.0;278700.0;567100.0
624;actorprabhas;Prabhas;https://www.instagram.com/actorprabhas/;7800000.0;514900.0;576700.0
625;ashleybenson;Ashley Benson;https://www.instagram.com/ashleybenson/;22200000.0;141000.0;199600.0
626;amadorat;N I C O L E   A M A D O;https://www.instagram.com/amadorat/;7900000.0;507400.0;567400.0
627;auba;Pierre-Emerick Aubameyang;https://www.instagram.com/auba/;10800000.0;259800.0;414100.0
628;tiffanyyoungofficial;tiffany young;https://www.instagram.com/tiffanyyoungofficial/;11400000.0;312300.0;390200.0
629;geneliad;Genelia Deshmukh;https://www.instagram.com/geneliad/;9200000.0;391600.0;485400.0
630;xsqueezie;;https://www.instagram.com/xsqueezie/;7600000.0;507100.0;593000.0
631;d_degeaofficial;David De Gea;https://www.instagram.com/d_degeaofficial/;12600000.0;247100.0;349600.0
632;trueno;TR1 ?;https://www.instagram.com/trueno/;6700000.0;429900.0;668900.0
633;dean.schneider;Dean Schneider;https://www.instagram.com/dean.schneider/;10000000.0;343800.0;440200.0
634;bypamella;BY PAMELLA ???;https://www.instagram.com/bypamella/;9300000.0;280500.0;480400.0
635;angeliqueboyer;Angelique Boyer;https://www.instagram.com/angeliqueboyer/;13900000.0;252400.0;316400.0
636;zoeisabellakravitz;Zoe? Kravitz;https://www.instagram.com/zoeisabellakravitz/;6600000.0;443900.0;674500.0
637;loreimprota;Lorena Improta ??;https://www.instagram.com/loreimprota/;12400000.0;152400.0;353000.0
638;riyadmahrez26.7;RM26;https://www.instagram.com/riyadmahrez26.7/;8199999.999999999;419200.0;539900.0
639;redvelvet.smtown;Red Velvet Official;https://www.instagram.com/redvelvet.smtown/;11100000.0;323500.0;393300.0
640;noahbeck;Noah Beck;https://www.instagram.com/noahbeck/;9000000.0;298300.0;491500.0
641;djsnake;djsnake;https://www.instagram.com/djsnake/;9100000.0;409800.0;486800.0
642;sureshraina3;Suresh Raina;https://www.instagram.com/sureshraina3/;18600000.0;206100.0;233000.0
643;blythe;Andrea Brillantes;https://www.instagram.com/blythe/;13300000.0;285300.0;325700.0
644;karinakross;?????? ?????????;https://www.instagram.com/karinakross/;10700000.0;329000.0;402700.0
645;vanessahudgens;??Vanessa Hudgens??;https://www.instagram.com/vanessahudgens/;44300000.0;59400.0;97700.0
646;ederbez;Eugenio Derbez;https://www.instagram.com/ederbez/;17800000.0;215900.0;242500.0
647;hztttao;Z.TAO?????;https://www.instagram.com/hztttao/;11200000.0;346300.0;384700.0
648;anjimaxuofficially;Anjali Arora;https://www.instagram.com/anjimaxuofficially/;10400000.0;326600.0;416600.0
649;elcinsangu;Elc?in Sangu;https://www.instagram.com/elcinsangu/;8199999.999999999;442800.0;533300.0
650;avicii;Avicii;https://www.instagram.com/avicii/;6900000.0;436400.0;640900.0
651;bumkeyk;SHINee KEY;https://www.instagram.com/bumkeyk/;8900000.0;409700.0;490700.0
652;angela_aguilar_;A?ngela Aguilar ????;https://www.instagram.com/angela_aguilar_/;7800000.0;457400.0;554500.0
653;riteishd;Riteish Deshmukh;https://www.instagram.com/riteishd/;13300000.0;273500.0;319400.0
654;louisvuitton;Louis Vuitton;https://www.instagram.com/louisvuitton/;47300000.0;67000.0;88700.0
655;jaybnow.hr;LIM JAE BEOM;https://www.instagram.com/jaybnow.hr/;6500000.0;496700.0;647600.0
656;leighannepinnock;Leigh-Anne Pinnock;https://www.instagram.com/leighannepinnock/;8300000.000000001;358600.0;511200.0
657;arcangel;HONOR,LEALTAD Y RESPETO.;https://www.instagram.com/arcangel/;12500000.0;197100.0;334400.0
658;bclsinclair;Bunga Citra Lestari;https://www.instagram.com/bclsinclair/;19800000.0;133100.0;209800.0
659;jaspritb1;jasprit bumrah;https://www.instagram.com/jaspritb1/;9400000.0;389000.0;447100.0
660;briandadeyanara;BRIANDA ??;https://www.instagram.com/briandadeyanara/;12500000.0;281300.0;330200.0
661;belindapop;Beli;https://www.instagram.com/belindapop/;14600000.0;196800.0;282100.0
662;davidwarner31;David Warner;https://www.instagram.com/davidwarner31/;8500000.0;417300.0;490600.0
663;lilyachty;C.V T;https://www.instagram.com/lilyachty/;10400000.0;193200.0;393400.0
664;aliciakeys;Alicia Keys;https://www.instagram.com/aliciakeys/;22600000.0;134900.0;180200.0
665;taylor_hill;Taylor Hill;https://www.instagram.com/taylor_hill/;18500000.0;147600.0;219300.0
666;rubyrose;Ruby Rose;https://www.instagram.com/rubyrose/;18500000.0;165700.0;219200.0
667;thiagosilva;Thiago Silva;https://www.instagram.com/thiagosilva/;18600000.0;128600.0;216300.0
668;toni.kr8s;Toni Kroos;https://www.instagram.com/toni.kr8s/;31200000.0;94400.0;128500.0
669;tiagoleifert;Tiago Leifert;https://www.instagram.com/tiagoleifert/;8199999.999999999;281700.0;490500.0
670;egorkreed;???? ???? | #HeartBreakKid;https://www.instagram.com/egorkreed/;14700000.0;221800.0;272000.0
671;thehughjackman;Hugh Jackman;https://www.instagram.com/thehughjackman/;30300000.0;115100.0;131900.0
672;andreavaldirisos;ANDREA VALDIRI ????;https://www.instagram.com/andreavaldirisos/;7400000.0;384000.0;546200.0
673;shikhardofficial;Shikhar Dhawan;https://www.instagram.com/shikhardofficial/;10300000.0;334000.0;382000.0
674;xavi;Xavi Herna?ndez;https://www.instagram.com/xavi/;7600000.0;353100.0;529800.0
675;kingryan;Ryan Garcia;https://www.instagram.com/kingryan/;8800000.0;301400.0;456300.0
676;rockstargames;Rockstar Games;https://www.instagram.com/rockstargames/;22000000.0;144700.0;180700.0
677;wos.ds3;Valenti?n Oliva;https://www.instagram.com/wos.ds3/;6300000.0;413800.0;633000.0
678;camilaloures;Camila Loures ?;https://www.instagram.com/camilaloures/;16900000.0;155500.0;232300.0
679;albafloresoficial;Alba Flores;https://www.instagram.com/albafloresoficial/;12100000.0;239900.0;323500.0
680;tiwasavage;Tiwa Savage ??;https://www.instagram.com/tiwasavage/;14400000.0;154900.0;274300.0
681;dear.zia;?????????????? .??;https://www.instagram.com/dear.zia/;3700000.0;956900.0;1100000.0
682;supercarblondie;Alex - that girl with the cars;https://www.instagram.com/supercarblondie/;9900000.0;252400.0;400100.0
683;roddyricch;;https://www.instagram.com/roddyricch/;6700000.0;309300.0;593700.0
684;memphisdepay;Memphis Depay;https://www.instagram.com/memphisdepay/;13500000.0;162700.0;288800.0
685;staskaranikolaou;Anastasia Karanikolaou;https://www.instagram.com/staskaranikolaou/;10800000.0;244400.0;358700.0
686;mahnaz_afshar;Mahnaz Afshar;https://www.instagram.com/mahnaz_afshar/;15400000.0;184200.0;254600.0
687;therealjosephmorgan;Joseph Morgan;https://www.instagram.com/therealjosephmorgan/;7800000.0;405800.0;507800.0
688;avrillavigne;Avril Lavigne;https://www.instagram.com/avrillavigne/;10500000.0;296900.0;370300.0
689;amybethmcnulty;Amybeth;https://www.instagram.com/amybethmcnulty/;6100000.0;463700.0;637300.0
690;officialtomellis;Tom Ellis;https://www.instagram.com/officialtomellis/;10200000.0;263800.0;379000.0
691;tombrady;Tom Brady;https://www.instagram.com/tombrady/;11300000.0;186500.0;345300.0
692;snoopdogg;snoopdogg;https://www.instagram.com/snoopdogg/;67700000.0;38300.0;57600.0
693;iam_linyi;??????;https://www.instagram.com/iam_linyi/;3600000.0;819100.0;1100000.0
694;pokimanelol;pokimane ?;https://www.instagram.com/pokimanelol/;6000000.0;492400.0;649500.0
695;narins_beauty;••Narins Beauty••;https://www.instagram.com/narins_beauty/;8199999.999999999;392100.0;478100.0
696;hudabeauty;HUDA KATTAN;https://www.instagram.com/hudabeauty/;49900000.0;46600.0;77000.0
697;sofiavergara;Sofia Vergara;https://www.instagram.com/sofiavergara/;24500000.0;120700.0;156100.0
698;kyrieirving;K.A.I Hélà;https://www.instagram.com/kyrieirving/;15900000.0;159200.0;241200.0
699;choi_seung_hyun_tttop;T.O.P;https://www.instagram.com/choi_seung_hyun_tttop/;13300000.0;243100.0;287400.0
700;pedroalonsoochoro;Pedro Alonso;https://www.instagram.com/pedroalonsoochoro/;9600000.0;290000.0;399900.0
701;rafakalimann;RAFA KALIMANN;https://www.instagram.com/rafakalimann/;22700000.0;97000.0;174900.0
702;marcoasensio10;Marco Asensio;https://www.instagram.com/marcoasensio10/;13300000.0;184900.0;283700.0
703;ladivaza;?LA DIVAZA?;https://www.instagram.com/ladivaza/;6800000.0;468500.0;571600.0
704;dylanminnette;Dylan Minnette;https://www.instagram.com/dylanminnette/;7300000.0;322400.0;523799.99999999994
705;tomcruise;Tom Cruise;https://www.instagram.com/tomcruise/;6100000.0;459600.0;638500.0
706;nidhhiagerwal;Nidhhi Agerwal ??;https://www.instagram.com/nidhhiagerwal/;18400000.0;170900.0;204400.0
707;andresiniesta8;Andres Iniesta;https://www.instagram.com/andresiniesta8/;38800000.0;67000.0;96700.0
708;karna.val;??Valentina??;https://www.instagram.com/karna.val/;7200000.0;455100.0;535600.0
709;rupertgrint;Rupert Grint;https://www.instagram.com/rupertgrint/;4700000.0;576400.0;818300.0
710;mterstegen1;Marc ter Stegen;https://www.instagram.com/mterstegen1/;13100000.0;189300.0;285200.0
711;jorgelopez_as;Jorge Lopez;https://www.instagram.com/jorgelopez_as/;9800000.0;235100.0;385800.0
712;ggonekim;;https://www.instagram.com/ggonekim/;5000000.0;607700.0;746600.0
713;courteneycoxofficial;Courteney Cox;https://www.instagram.com/courteneycoxofficial/;12000000.0;233600.0;308600.0
714;skaijackson;S K A I;https://www.instagram.com/skaijackson/;7800000.0;272600.0;481500.0
715;diljitdosanjh;DILJIT DOSANJH;https://www.instagram.com/diljitdosanjh/;12600000.0;242000.0;291000.0
716;kiernanshipka;Kiernan Shipka;https://www.instagram.com/kiernanshipka/;8199999.999999999;281300.0;455800.0
717;loud_babi;Ba?rbara Passos;https://www.instagram.com/loud_babi/;9300000.0;250400.0;404200.0
718;grefg_official;TheGrefg;https://www.instagram.com/grefg_official/;7000000.0;427500.0;530500.0
719;angeldimariajm;A?ngel Di Mari?a;https://www.instagram.com/angeldimariajm/;15900000.0;156400.0;230100.0
720;alvaromorte;Álvaro Morte;https://www.instagram.com/alvaromorte/;12500000.0;212700.0;291200.0
721;playstation;PlayStation;https://www.instagram.com/playstation/;28800000.0;103800.0;126800.0
722;yungmiami305;Caresha ..????;https://www.instagram.com/yungmiami305/;5100000.0;246400.0;731400.0
723;shaq;DR. SHAQUILLE O'NEAL Ed.D.;https://www.instagram.com/shaq/;22500000.0;124000.0;163000.0
724;karljacobs;Karl Jacobs;https://www.instagram.com/karljacobs/;3900000.0;732300.0;954700.0
725;francinyehlke;F?AN;https://www.instagram.com/francinyehlke/;15000000.0;110200.0;240800.0
726;tamerhosny;Tamer Hosny;https://www.instagram.com/tamerhosny/;21700000.0;137700.0;167900.0
727;theshilpashetty;Shilpa Shetty Kundra;https://www.instagram.com/theshilpashetty/;24200000.0;129300.00000000001;149800.0
728;joshu_acoustic;Joshua Hong;https://www.instagram.com/joshu_acoustic/;3800000.0;0.0;969200.0
729;martingarrix;Martin Garrix;https://www.instagram.com/martingarrix/;15500000.0;164400.0;231800.0
730;virgilvandijk;Virgil van Dijk;https://www.instagram.com/virgilvandijk/;11200000.0;224800.0;319000.0
731;wayvofficial;WayV;https://www.instagram.com/wayvofficial/;6800000.0;452300.0;538900.0
732;kikakim;Kristina Kim;https://www.instagram.com/kikakim/;6300000.0;435400.0;576300.0
733;sarwendah29;Sarwendah29;https://www.instagram.com/sarwendah29/;30300000.0;99700.0;118200.0
734;disney;Disney;https://www.instagram.com/disney/;32700000.000000004;89800.0;109200.0
735;earthpix;??  EarthPix  ??;https://www.instagram.com/earthpix/;22100000.0;133600.0;162900.0
736;smtown;SM Entertainment Group;https://www.instagram.com/smtown/;13300000.0;222100.0;268400.0
737;emiliamernes;?MILI?;https://www.instagram.com/emiliamernes/;4400000.0;437400.0;823200.0
738;valeyellow46;Valentino Rossi;https://www.instagram.com/valeyellow46/;12800000.0;211600.0;276000.0
739;fabriziorom;Fabrizio Romano;https://www.instagram.com/fabriziorom/;6100000.0;342800.0;593100.0
740;netflixlat;Netflix Latinoame?rica;https://www.instagram.com/netflixlat/;21800000.0;103100.0;162500.0
741;dearra;De'arra Taylor;https://www.instagram.com/dearra/;5900000.0;244900.0;610200.0
742;yasminabdelaziz_;Yasmin Abdelaziz;https://www.instagram.com/yasminabdelaziz_/;15100000.0;199700.0;236500.0
743;hm_son7;Son HeungMin(???)????;https://www.instagram.com/hm_son7/;5700000.0;386900.0;629000.0
744;nadine;???? ??;https://www.instagram.com/nadine/;11000000.0;287700.0;318400.0
745;joaoguilherme;J?O?T?I?N?H?A?;https://www.instagram.com/joaoguilherme/;15200000.0;118700.0;231700.0
746;aishwaryaraibachchan_arb;AishwaryaRaiBachchan;https://www.instagram.com/aishwaryaraibachchan_arb/;9900000.0;281500.0;359000.0
747;mohamedramadanws;Mohamed Ramadan;https://www.instagram.com/mohamedramadanws/;19900000.0;129300.00000000001;179000.0
748;yooncy1;??? Yoon chanyoung;https://www.instagram.com/yooncy1/;2800000.0;1100000.0;1300000.0
749;maxverstappen1;Max Verstappen;https://www.instagram.com/maxverstappen1/;7900000.0;342300.0;450200.0
750;borodylia;?????? ????????;https://www.instagram.com/borodylia/;18200000.0;156900.0;192800.0
751;deiveleonardo;Deive Leonardo;https://www.instagram.com/deiveleonardo/;10600000.0;181100.0;334200.0
752;nodal;Christian Nodal ???? ????;https://www.instagram.com/nodal/;7900000.0;306400.0;450100.0
753;kevinho;KEVINHO;https://www.instagram.com/kevinho/;28200000.0;88800.0;124000.0
754;brianmaps;?????? ???? (???? ?????????);https://www.instagram.com/brianmaps/;5700000.0;609400.0;630300.0
755;nita_shilimkar;Nita Shilimkar;https://www.instagram.com/nita_shilimkar/;9500000.0;280100.0;370700.0
756;watanabenaomi703;?????Naomi watanabe;https://www.instagram.com/watanabenaomi703/;9600000.0;341400.0;363100.0
757;ana_d_armas;A N A   D E   A R M A S;https://www.instagram.com/ana_d_armas/;5600000.0;460900.0;623700.0
758;bramastavrl;Verrell Bramasta;https://www.instagram.com/bramastavrl/;23200000.0;117900.0;149100.0
759;jessicajane99;Jessica Jane;https://www.instagram.com/jessicajane99/;6100000.0;434400.0;573000.0
760;thegirljt;JT??;https://www.instagram.com/thegirljt/;5000000.0;255900.0;700400.0
761;colleen;Colleen Ballinger;https://www.instagram.com/colleen/;7400000.0;371400.0;467800.0
762;nadine.nassib.njeim;Nadine Nassib Njeim;https://www.instagram.com/nadine.nassib.njeim/;14500000.0;165300.0;235700.0
763;wdohwan;???;https://www.instagram.com/wdohwan/;4400000.0;596100.0;791100.0
764;ashanty_ash;Ashanty;https://www.instagram.com/ashanty_ash/;27800000.0;97700.0;121900.0
765;pocah;POCAH;https://www.instagram.com/pocah/;15600000.0;91700.0;217300.0
766;zoesugg;Zoe? Sugg;https://www.instagram.com/zoesugg/;9300000.0;264600.0;366100.0
767;dava_m;???? ?? ???? ????? ????????;https://www.instagram.com/dava_m/;13800000.0;190700.0;247200.0
768;phoebejtonkin;Phoebe Tonkin;https://www.instagram.com/phoebejtonkin/;8100000.0;294100.0;419900.0
769;danielricciardo;Daniel Ricciardo;https://www.instagram.com/danielricciardo/;6300000.0;419100.0;544300.0
770;asalamaleh;Asala Maleh;https://www.instagram.com/asalamaleh/;6400000.0;433300.0;535800.0
771;lomon991111;Lomon 991111;https://www.instagram.com/lomon991111/;3500000.0;0.0;987300.0
772;alexis_officia1;Sanchez Alexis;https://www.instagram.com/alexis_officia1/;13100000.0;156600.0;257899.99999999997
773;kajol;Kajol Devgan;https://www.instagram.com/kajol/;12100000.0;223900.0;277200.0
774;jackharlow;Jack Harlow;https://www.instagram.com/jackharlow/;4600000.0;393000.0;733800.0
775;luisafernandaw;Luisa Fernanda W;https://www.instagram.com/luisafernandaw/;16700000.0;130300.00000000001;200200.0
776;charles_leclerc;Charles Leclerc;https://www.instagram.com/charles_leclerc/;6000000.0;419500.0;556900.0
777;dudewithsign;Seth;https://www.instagram.com/dudewithsign/;7800000.0;272200.0;428300.0
778;mercedesbenz;Mercedes-Benz;https://www.instagram.com/mercedesbenz/;35100000.0;67600.0;93800.0
779;roberto_firmino;ROBERTO FIRMINO;https://www.instagram.com/roberto_firmino/;13200000.0;167700.0;249200.0
780;oprah;Oprah;https://www.instagram.com/oprah/;20600000.0;137800.0;161600.0
781;ferrari;Ferrari;https://www.instagram.com/ferrari/;21500000.0;115000.0;151500.0
782;claireholt;Claire Holt;https://www.instagram.com/claireholt/;7300000.0;329300.0;449600.0
783;sonamkapoor;Sonam Kapoor Ahuja;https://www.instagram.com/sonamkapoor/;31700000.0;85900.0;102800.0
784;yuvisofficial;Yuvraj Singh;https://www.instagram.com/yuvisofficial/;13000000.0;209200.0;249800.0
785;kevinroldankr;KR ?;https://www.instagram.com/kevinroldankr/;10100000.0;200200.0;324200.0
786;jordynwoods;HEIR JORDYN;https://www.instagram.com/jordynwoods/;12300000.0;139000.0;262900.0
787;buzova86;????? ??????;https://www.instagram.com/buzova86/;23100000.0;109200.0;141600.0
788;aycaaysinturan;Ayc?a Ays?in Turan;https://www.instagram.com/aycaaysinturan/;5500000.0;451100.0;601600.0
789;klaythompson;Klay Thompson;https://www.instagram.com/klaythompson/;11200000.0;197800.0;287300.0
790;aislinnderbez;?? ?? ?? ?? ?? ? ?  ?? ?? ?? ?? ?? ??;https://www.instagram.com/aislinnderbez/;11900000.0;216000.0;270100.0
791;marcinho11;Marco Reus;https://www.instagram.com/marcinho11/;10800000.0;217300.0;296500.0
792;schwarzenegger;Arnold Schwarzenegger;https://www.instagram.com/schwarzenegger/;22100000.0;122900.0;145500.0
793;miketyson;Mike Tyson;https://www.instagram.com/miketyson/;16300000.0;152700.0;196200.0
794;xuminghao_o;The8 ???;https://www.instagram.com/xuminghao_o/;4200000.0;611300.0;771300.0
795;nastyaivleeva;????? ???????;https://www.instagram.com/nastyaivleeva/;8100000.0;324400.0;396400.0
796;ruben_onsu;Ruben Onsu;https://www.instagram.com/ruben_onsu/;37200000.0;69000.0;85700.0
797;zhanabylov_e;??????? ?????????;https://www.instagram.com/zhanabylov_e/;7700000.0;299900.0;417400.0
798;francety;Francia James;https://www.instagram.com/francety/;10000000.0;244100.0;319500.0
799;yejinhand;???;https://www.instagram.com/yejinhand/;5300000.0;467500.0;608500.0
800;maudyayunda;Maudy Ayunda;https://www.instagram.com/maudyayunda/;15200000.0;140000.0;206400.0
801;tarajiphenson;taraji p henson;https://www.instagram.com/tarajiphenson/;18900000.0;119600.0;168100.0
802;yamigautam;Yami Gautam Dhar;https://www.instagram.com/yamigautam/;14700000.0;182800.0;212500.0
803;amarantavp;A M A ??;https://www.instagram.com/amarantavp/;4900000.0;515200.00000000006;644700.0
804;spacex;SpaceX;https://www.instagram.com/spacex/;12400000.0;207700.0;252500.0
805;morgen_shtern;?? ???????????;https://www.instagram.com/morgen_shtern/;7900000.0;324100.0;401700.0
806;hyeri_0609;????;https://www.instagram.com/hyeri_0609/;6900000.0;381100.0;459000.0
807;catriona_gray;Catriona Gray;https://www.instagram.com/catriona_gray/;12900000.0;203800.0;240200.0
808;vicdeangelis;Victoria De Angelis/ Ma?neskin;https://www.instagram.com/vicdeangelis/;3500000.0;601000.0;891400.0
809;for_everyoung10;??? WONYOUNG;https://www.instagram.com/for_everyoung10/;3100000.0;801100.0;1000000.0
810;cbum;Chris Bumstead;https://www.instagram.com/cbum/;5800000.0;325800.0;538300.0
811;tommyinnit;TommyInnit;https://www.instagram.com/tommyinnit/;3600000.0;776500.0;876200.0
812;pooorblack;Pooorblack;https://www.instagram.com/pooorblack/;3700000.0;671000.0;870300.0
813;amandamanopo;;https://www.instagram.com/amandamanopo/;15000000.0;157300.0;207100.0
814;romanreigns;Joe Anoai aka “Roman Reigns”;https://www.instagram.com/romanreigns/;5800000.0;416600.0;542000.0
815;vivi;Vivi Wanderley;https://www.instagram.com/vivi/;12700000.0;147300.0;242000.0
816;stevengerrard;Steven Gerrard;https://www.instagram.com/stevengerrard/;9800000.0;227500.0;318900.0
817;bigsean;BIGSEAN;https://www.instagram.com/bigsean/;14300000.0;117300.0;214700.0
818;hitocaesar;Immanuel Caesar Hito;https://www.instagram.com/hitocaesar/;13300000.0;162000.0;227900.0
819;elliotpage;;https://www.instagram.com/elliotpage/;5700000.0;371800.0;535000.0
820;jesselingard;JLingz;https://www.instagram.com/jesselingard/;9300000.0;215600.0;331200.0
821;jenniferwinget1;Jennifer Winget;https://www.instagram.com/jenniferwinget1/;11800000.0;211200.0;256800.0
822;dbook;Devin;https://www.instagram.com/dbook/;5000000.0;312800.0;614100.0
823;sofiacarson;Sofia Carson;https://www.instagram.com/sofiacarson/;16300000.0;135800.0;184900.0
824;mia_malkova;Mia Malkova;https://www.instagram.com/mia_malkova/;10600000.0;204100.0;284900.0
825;violets.tv;Violet Summers;https://www.instagram.com/violets.tv/;12300000.0;181000.0;247700.0
826;actor_jg;???? ??? a.k.a Actor JG ??? ??;https://www.instagram.com/actor_jg/;6000000.0;436400.0;512100.0
827;rice;RiceGum;https://www.instagram.com/rice/;3700000.0;487700.0;847900.0
828;jheneaiko;Jhene? Aiko Efuru Chilombo ??;https://www.instagram.com/jheneaiko/;13700000.0;124400.0;217900.0
829;bmw;BMW;https://www.instagram.com/bmw/;32700000.000000004;69300.0;90900.0
830;mirandacosgrove;Miranda Cosgrove;https://www.instagram.com/mirandacosgrove/;9800000.0;197400.0;308600.0
831;sidhu_moosewala;Sidhu Moosewala (???? ???);https://www.instagram.com/sidhu_moosewala/;6900000.0;370300.0;448600.0
832;ivankatrump;Ivanka Trump;https://www.instagram.com/ivankatrump/;7500000.0;334200.0;414300.0
833;cole.labrant;Cole LaBrant;https://www.instagram.com/cole.labrant/;5000000.0;427600.0;602000.0
834;kaylanicolejones;;https://www.instagram.com/kaylanicolejones/;7400000.0;191100.0;405500.0
835;annemarie;ANNE-MARIE;https://www.instagram.com/annemarie/;9000000.0;237500.0;332400.0
836;wilbursoot;Wilbur Soot;https://www.instagram.com/wilbursoot/;3200000.0;733800.0;942600.0
837;sound_of_coups;COUPS;https://www.instagram.com/sound_of_coups/;3200000.0;727300.0;932900.0
838;anyageraldine;anya geraldine;https://www.instagram.com/anyageraldine/;10200000.0;171000.0;286300.0
839;davidalaba;David Alaba;https://www.instagram.com/davidalaba/;7900000.0;264900.0;375100.0
840;starwars;Star Wars;https://www.instagram.com/starwars/;14700000.0;155200.0;197700.0
841;kkvsh;??????????;https://www.instagram.com/kkvsh/;8100000.0;216800.0;367400.0
842;subo_m;Subhan Mamedov;https://www.instagram.com/subo_m/;9000000.0;271100.0;332400.0
843;littlemix;Little Mix;https://www.instagram.com/littlemix/;15300000.0;141100.0;189600.0
844;gabigol;Gabi ???? Lil Gabi;https://www.instagram.com/gabigol/;9300000.0;209700.0;317400.0
845;willowsmith;? WILLOW ?;https://www.instagram.com/willowsmith/;9900000.0;182200.0;296700.0
846;esbilgic;Esra Bilgic?;https://www.instagram.com/esbilgic/;6600000.0;352100.0;448000.0
847;inanna;Inanna;https://www.instagram.com/inanna/;13600000.0;139200.0;211100.0
848;canelo;Saul Alvarez;https://www.instagram.com/canelo/;12500000.0;164600.0;229600.0
849;soyneiva;Neiva Mara;https://www.instagram.com/soyneiva/;11100000.0;193400.0;259800.0
850;vanessalopesr_;Vanessa Lopes;https://www.instagram.com/vanessalopesr_/;9600000.0;93500.0;304800.0
851;kentooyamazaki;????;https://www.instagram.com/kentooyamazaki/;4800000.0;522700.00000000006;607000.0
852;lacikaysomers;Laci Kay Somers;https://www.instagram.com/lacikaysomers/;11300000.0;151100.0;257899.99999999997
853;thefatjewish;thefatjewish;https://www.instagram.com/thefatjewish/;10100000.0;220100.0;287400.0
854;jennifer.garner;Jennifer Garner;https://www.instagram.com/jennifer.garner/;12000000.0;210800.0;238300.0
855;katiavlogss;SOY KATIA VLOGS????;https://www.instagram.com/katiavlogss/;6700000.0;358000.0;431200.0
856;funnyhoodvidz;FunnyHoodVidz;https://www.instagram.com/funnyhoodvidz/;18200000.0;97400.0;156600.0
857;bleacherreport;Bleacher Report;https://www.instagram.com/bleacherreport/;17900000.0;80300.0;158600.0
858;rachelvennya;Rachel Vennya Roland;https://www.instagram.com/rachelvennya/;6500000.0;206400.0;435700.0
859;brycehall;Bryce Hall;https://www.instagram.com/brycehall/;7600000.0;292300.0;375300.0
860;acunilicali;Acun Il?cal?;https://www.instagram.com/acunilicali/;13500000.0;172200.0;212100.0
861;bibisbeautypalace;! Bibi;https://www.instagram.com/bibisbeautypalace/;7800000.0;322800.0;369900.0
862;ewsbdi;??;https://www.instagram.com/ewsbdi/;4099999.9999999995;468600.0;700100.0
863;joannagaines;Joanna Stevens Gaines;https://www.instagram.com/joannagaines/;13500000.0;185600.0;209500.0
864;bts.jungkook;JUNGKOOK;https://www.instagram.com/bts.jungkook/;8300000.000000001;302700.0;345100.0
865;therealcalebmclaughlin;Caleb McLaughlin;https://www.instagram.com/therealcalebmclaughlin/;11200000.0;176100.0;251400.0
866;orianasabatini;? ? ? ? ? ?;https://www.instagram.com/orianasabatini/;5700000.0;226100.0;499900.0
867;gigigrigio;Giovanna Grigio;https://www.instagram.com/gigigrigio/;7300000.0;227800.0;390300.0
868;anggayunandareal16;ANGGA ALDI YUNANDA;https://www.instagram.com/anggayunandareal16/;10100000.0;190400.0;275400.0
869;nicolegarcia;NICOLE;https://www.instagram.com/nicolegarcia/;5000000.0;428400.0;561100.0
870;juansguarnizo;Juan Sebastián Guarnizo;https://www.instagram.com/juansguarnizo/;4300000.0;602800.0;660100.0
871;victorigoh;Victor Igoh ??;https://www.instagram.com/victorigoh/;4700000.0;243300.0;613100.0
872;karrrambaby;?????? KARRRAMBABY ?????? ????;https://www.instagram.com/karrrambaby/;4200000.0;608700.0;675400.0
873;staceysolomon;Stacey Solomon;https://www.instagram.com/staceysolomon/;5000000.0;464900.0;559900.0
874;karolsevillaofc;KAROL SEVILLA;https://www.instagram.com/karolsevillaofc/;14000000.0;156100.0;197800.0
875;yefersoncossio;Yef;https://www.instagram.com/yefersoncossio/;8199999.999999999;235500.0;345700.0
876;redbull;Red Bull;https://www.instagram.com/redbull/;15400000.0;125100.0;179300.0
877;voguemagazine;Vogue;https://www.instagram.com/voguemagazine/;36700000.0;48800.0;75100.0
878;annecurtissmith;Anne Curtis;https://www.instagram.com/annecurtissmith/;17600000.0;137900.0;156600.0
879;manugavassi;Manu Gavassi;https://www.instagram.com/manugavassi/;15300000.0;96300.0;181400.0
880;natgeotravel;National Geographic Travel;https://www.instagram.com/natgeotravel/;45100000.0;50300.0;60900.0
881;warriors;Golden State Warriors;https://www.instagram.com/warriors/;21300000.0;92400.0;128900.0
882;martinpdisalvo;Coscu;https://www.instagram.com/martinpdisalvo/;3500000.0;526700.0;797700.0
883;iza;IZA;https://www.instagram.com/iza/;15600000.0;111800.0;176700.0
884;maradona;Diego Maradona;https://www.instagram.com/maradona/;7100000.0;234600.0;395600.0
885;jennaortega;Jenna Ortega;https://www.instagram.com/jennaortega/;7000000.0;278100.0;395900.0
886;soydannyalfaro;Danny Alfaro ??;https://www.instagram.com/soydannyalfaro/;8000000.0;302100.0;346100.0
887;ricky_martin;Ricky Martin;https://www.instagram.com/ricky_martin/;16500000.0;124800.0;168500.0
888;alvaromorata;A?lvaro Morata;https://www.instagram.com/alvaromorata/;15700000.0;113000.0;174500.0
889;ivanaalawi;Ivana Alawi;https://www.instagram.com/ivanaalawi/;7700000.0;328100.0;358900.0
890;nabilla;Nabilla Vergara ?;https://www.instagram.com/nabilla/;7100000.0;283700.0;390500.0
891;galatasaray;Galatasaray;https://www.instagram.com/galatasaray/;10800000.0;208300.0;252800.0
892;from_jjlee;jung jae Lee;https://www.instagram.com/from_jjlee/;5300000.0;359800.0;522299.99999999994
893;choquei;CHOQUEI - BBB22;https://www.instagram.com/choquei/;15800000.0;55900.0;174600.0
894;jashlem;JeanCarloLeo?n;https://www.instagram.com/jashlem/;6700000.0;331200.0;411500.0
895;miguel_bernardeau;Miguel Bernardeau;https://www.instagram.com/miguel_bernardeau/;7100000.0;263400.0;388700.0
896;agnezmo;AGNEZ MO;https://www.instagram.com/agnezmo/;27100000.0;60500.0;101000.0
897;beberexha;Bebe Rexha;https://www.instagram.com/beberexha/;10800000.0;170800.0;252100.0
898;bugatti;BUGATTI;https://www.instagram.com/bugatti/;16000000.0;125300.0;169400.0
899;armaanmalik;ARMAAN MALIK ??;https://www.instagram.com/armaanmalik/;11400000.0;207200.0;239600.0
900;shrutzhaasan;Shruti Haasan;https://www.instagram.com/shrutzhaasan/;18800000.0;119300.0;143800.0
901;joshrichards;Josh Richards;https://www.instagram.com/joshrichards/;6900000.0;282600.0;396700.0
902;gabunion;Gabrielle Union-Wade;https://www.instagram.com/gabunion/;19700000.0;95800.0;137600.0
903;adidasoriginals;adidas Originals;https://www.instagram.com/adidasoriginals/;34400000.0;57600.0;78700.0
904;sinavaliollah;Sina Valiollah;https://www.instagram.com/sinavaliollah/;6300000.0;346700.0;438400.0
905;333cyj333;Ars ??;https://www.instagram.com/333cyj333/;6500000.0;354900.0;422300.0
906;itzan.escamilla;lil ?;https://www.instagram.com/itzan.escamilla/;7000000.0;228600.0;386800.0
907;nastya_nass_;Nastya Nass;https://www.instagram.com/nastya_nass_/;7800000.0;230500.0;350200.0
908;frenchmontana;French Montana;https://www.instagram.com/frenchmontana/;22600000.0;74800.0;125200.0
909;porsche;Porsche;https://www.instagram.com/porsche/;26200000.0;80000.0;101900.0
910;amorimvivian;Vivian Amorim;https://www.instagram.com/amorimvivian/;7000000.0;207900.0;384200.0
911;shivangijoshi18;??????? ????;https://www.instagram.com/shivangijoshi18/;6000000.0;375500.0;451800.0
912;queennaija;loading..;https://www.instagram.com/queennaija/;9000000.0;126200.0;301700.0
913;ginaindelicada;Gina Indelicada - BBB22;https://www.instagram.com/ginaindelicada/;10700000.0;122700.0;252500.0
914;sebastianyatra;Sebastian Yatra;https://www.instagram.com/sebastianyatra/;28900000.0;66600.0;92100.0
915;instasamka;INSTASAMKA $$$$$$;https://www.instagram.com/instasamka/;5200000.0;372600.0;514799.99999999994
916;antdavis23;Anthony Davis;https://www.instagram.com/antdavis23/;7100000.0;245800.0;379000.0
917;troyesivan;troye sivan;https://www.instagram.com/troyesivan/;12500000.0;147200.0;211600.0
918;ayutingting92;Ayu Tingting;https://www.instagram.com/ayutingting92/;50600000.0;38600.0;52000.0
919;its.michhh;A La Mich;https://www.instagram.com/its.michhh/;5000000.0;447100.0;545500.0
920;perspolis;P e r s e p o l i s;https://www.instagram.com/perspolis/;7200000.0;261399.99999999997;372600.0
921;pokrov90;??? ?????? - ???????????????;https://www.instagram.com/pokrov90/;7400000.0;309900.0;361500.0
922;trentarnold66;Trent Alexander-Arnold;https://www.instagram.com/trentarnold66/;6300000.0;286800.0;420000.0
923;willevy;William  Levy / Actor Producer;https://www.instagram.com/willevy/;9600000.0;208000.0;279800.0
924;kaliuchis;;https://www.instagram.com/kaliuchis/;3700000.0;418500.0;722800.0
925;becaa_barreto;Rebeca ??;https://www.instagram.com/becaa_barreto/;7500000.0;184800.0;352200.0
926;laurenjauregui;Lauren Jauregui;https://www.instagram.com/laurenjauregui/;9900000.0;181500.0;268500.0
927;canyaman;Can Yaman;https://www.instagram.com/canyaman/;9200000.0;236400.0;293500.0
928;noorstars;??? ????? | Noor Stars;https://www.instagram.com/noorstars/;12300000.0;159200.0;214400.0
929;chaelincl;CL;https://www.instagram.com/chaelincl/;9700000.0;205500.0;272200.0
930;kaka;Kaka?;https://www.instagram.com/kaka/;17800000.0;89800.0;145800.0
931;i_nivethathomas;Nivetha Thomas;https://www.instagram.com/i_nivethathomas/;5700000.0;404500.0;457500.0
932;actorsuriya;Suriya Sivakumar;https://www.instagram.com/actorsuriya/;4000000.0;506300.0;657600.0
933;arminzareeiofficial;Armin Zareei;https://www.instagram.com/arminzareeiofficial/;9300000.0;181000.0;287500.0
934;zaskiasungkar15;Zaskia Sungkar;https://www.instagram.com/zaskiasungkar15/;27400000.0;61700.0;94300.0
935;kingarturo23oficial;Arturo Vidal;https://www.instagram.com/kingarturo23oficial/;16500000.0;97500.0;156900.0
936;jaydacheaves;JAYDA WAYDA;https://www.instagram.com/jaydacheaves/;6700000.0;132300.0;392500.0
937;jackblack;Jack Black;https://www.instagram.com/jackblack/;8600000.0;234400.0;306300.0
938;dukeandduchessofcambridge;Duke and Duchess of Cambridge;https://www.instagram.com/dukeandduchessofcambridge/;13500000.0;0.0;191800.0
939;harrykane;Harry Kane;https://www.instagram.com/harrykane/;12100000.0;154400.0;212800.0
940;sssniperwolf;Lia;https://www.instagram.com/sssniperwolf/;5300000.0;380200.0;489400.0
941;edwestwick;Ed Westwick;https://www.instagram.com/edwestwick/;8700000.0;149700.0;299500.0
942;bobbyindaeyo;;https://www.instagram.com/bobbyindaeyo/;3400000.0;675500.0;787100.0
943;ateez_official_;ATEEZ(????);https://www.instagram.com/ateez_official_/;6000000.0;380900.0;437600.0
944;dejesusoficial;Gabriel Jesus;https://www.instagram.com/dejesusoficial/;16300000.0;101900.0;157300.0
945;nouraridaofficial;Nour Arida;https://www.instagram.com/nouraridaofficial/;10100000.0;192000.0;253900.0
946;baifernbah;baifernbah;https://www.instagram.com/baifernbah/;9700000.0;212300.0;268700.0
947;olamide;Olamide?;https://www.instagram.com/olamide/;8900000.0;198600.0;298800.0
948;la_segura;LA SEGURA ? ?;https://www.instagram.com/la_segura/;8100000.0;262400.0;321200.0
949;rayssalealsk8;Rayssa Leal;https://www.instagram.com/rayssalealsk8/;6700000.0;234000.0;387500.0
950;divyankatripathidahiya;Divyanka Tripathi Dahiya;https://www.instagram.com/divyankatripathidahiya/;18500000.0;120600.0;138400.0
951;you_r_love;????????????;https://www.instagram.com/you_r_love/;5300000.0;379900.0;485000.0
952;kawtarbamo;KAWTAR BA-MOHAMED;https://www.instagram.com/kawtarbamo/;7100000.0;270000.0;365800.0
953;aykutelmas;Aykut Elmas;https://www.instagram.com/aykutelmas/;6800000.0;327100.0;383400.0
954;gucci;Gucci Official;https://www.instagram.com/gucci/;47100000.0;39200.0;54000.0
955;sarahhyland;Sarah Hyland;https://www.instagram.com/sarahhyland/;9000000.0;228600.0;286100.0
956;romelulukaku;Romelu Lukaku;https://www.instagram.com/romelulukaku/;8600000.0;206500.0;297400.0
957;masijacoke850714;???;https://www.instagram.com/masijacoke850714/;4700000.0;443000.0;549200.0
958;soycarolinadiaz;Carolina Di?az;https://www.instagram.com/soycarolinadiaz/;8300000.000000001;265200.0;309800.0
959;veradijkmans;DUTCH????;https://www.instagram.com/veradijkmans/;4900000.0;374300.0;526500.0
960;sophiedee;Sophie Dee;https://www.instagram.com/sophiedee/;11300000.0;169700.0;225600.0
961;hziyech;Hakim Ziyech;https://www.instagram.com/hziyech/;5400000.0;343400.0;469200.0
962;g_eazy;G-Eazy;https://www.instagram.com/g_eazy/;9300000.0;179600.0;275100.0
963;michaelclifford;michael clifford;https://www.instagram.com/michaelclifford/;5800000.0;302700.0;443800.0
964;christian_fig;Christian Figueiredo;https://www.instagram.com/christian_fig/;10100000.0;159000.0;247600.0
965;chloebailey;Chlo?e;https://www.instagram.com/chloebailey/;4600000.0;281900.0;555000.0
966;ahmedhelmy;Ahmed Helmy;https://www.instagram.com/ahmedhelmy/;16200000.0;124800.0;155800.0
967;miyayeah;SUNMI;https://www.instagram.com/miyayeah/;7900000.0;267300.0;321200.0
968;pabllovittar;Pabllo Vittar;https://www.instagram.com/pabllovittar/;12400000.0;90400.0;203500.0
969;caviarmagnat;by Tregubov;https://www.instagram.com/caviarmagnat/;11900000.0;147400.0;215200.0
970;jordialbaoficial;Jordi Alba;https://www.instagram.com/jordialbaoficial/;13900000.0;124900.0;180500.0
971;valentinazenere;Valentina Zenere;https://www.instagram.com/valentinazenere/;8300000.000000001;250500.0;305000.0
972;nozeworld;no:ze | ????;https://www.instagram.com/nozeworld/;3200000.0;637000.0;779700.0
973;davidluiz23;David Luiz;https://www.instagram.com/davidluiz23/;21000000.0;53800.0;118900.0
974;ravindra.jadeja;Ravindrasinh jadeja;https://www.instagram.com/ravindra.jadeja/;4200000.0;484800.0;596800.0
975;brunofernandes.10;Bruno Fernandes;https://www.instagram.com/brunofernandes.10/;6600000.0;254900.0;381100.0
976;loud_thurzin;Arthur Fernandes;https://www.instagram.com/loud_thurzin/;6800000.0;281200.0;377600.0
977;euxama;XAMA?;https://www.instagram.com/euxama/;6600000.0;182000.0;384000.0
978;dagelan;Dagelan;https://www.instagram.com/dagelan/;20600000.0;72400.0;122600.0
979;youngdae0302;????????;https://www.instagram.com/youngdae0302/;3800000.0;499900.0;660300.0
980;kto_takaya;Liza Miller;https://www.instagram.com/kto_takaya/;7400000.0;278200.0;341600.0
981;meekmill;Meek Mill;https://www.instagram.com/meekmill/;22100000.0;59200.0;112700.0
982;viking.barbie;Viking Barbie?;https://www.instagram.com/viking.barbie/;11000000.0;149100.0;227800.0
983;lala;?? ??;https://www.instagram.com/lala/;12700000.0;121200.0;194600.0
984;casemiro;Casemiro;https://www.instagram.com/casemiro/;13600000.0;120400.0;180700.0
985;elt6i;Elmira Tolegenova;https://www.instagram.com/elt6i/;7200000.0;285100.0;348600.0
986;natalee.007;Natalie Lee;https://www.instagram.com/natalee.007/;6800000.0;286900.0;366600.0
987;rishabpant;Rishabh Pant;https://www.instagram.com/rishabpant/;5700000.0;365300.0;433800.0
988;jeffreestar;Jeffree Star;https://www.instagram.com/jeffreestar/;13600000.0;123600.0;180600.0
989;emiliovmartinez;Emilio;https://www.instagram.com/emiliovmartinez/;13600000.0;139200.0;179700.0
990;farruko;??167??????;https://www.instagram.com/farruko/;19800000.0;92900.0;123300.0
991;gemmastyles;Gemma Styles;https://www.instagram.com/gemmastyles/;8100000.0;200400.0;304900.0
992;manelyk_oficial;Manelyk Gonzalez;https://www.instagram.com/manelyk_oficial/;13800000.0;131500.0;176300.0
993;giovannaantonelli;Giovanna Antonelli;https://www.instagram.com/giovannaantonelli/;15700000.0;113500.0;155300.0
994;lunay;EL NIN?O ????;https://www.instagram.com/lunay/;10200000.0;162800.0;238800.0
995;najwashihab;Najwa Shihab;https://www.instagram.com/najwashihab/;21100000.0;82900.0;114800.0
996;senoritasaeva;Dina Saeva;https://www.instagram.com/senoritasaeva/;7700000.0;246600.0;318200.0
997;manuelneuer;Manuel Neuer;https://www.instagram.com/manuelneuer/;11500000.0;146500.0;210200.0
998;sahilkhan;India’s Youth & Fitness IC??N®;https://www.instagram.com/sahilkhan/;10100000.0;176500.0;239800.0
999;mohanshakti;Shakti Mohan;https://www.instagram.com/mohanshakti/;13700000.0;146400.0;175500.0
1000;eduincaz;Eduin Caz;https://www.instagram.com/eduincaz/;6200000.0;305600.0;391900.0
